task,suite,method,seed,n_evals,best_loss,acceptance_rate,kernel_fraction_dream,n_rescues,n_reseeds,n_bw_refits,time_total,time_objective,time_overhead,frac_exploit,acc_exploit,frac_explore,acc_explore,frac_trapped,acc_trapped
cat__ackley_10d,cat,FMP,0,500,5.951347015811624,0.34959349593495936,0.0,0,0,96,5.080192199995508,0.03265440007089637,5.047537799924612,0.4369918699186992,0.35348837209302325,0.5630081300813008,0.34657039711191334,0.0,
cat__ackley_10d,cat,FMP,1,500,5.3636610719685756,0.3597560975609756,0.0,0,0,96,5.241256699999212,0.033469300193246454,5.207787399805966,0.3861788617886179,0.39473684210526316,0.6117886178861789,0.33554817275747506,0.0020325203252032522,1.0
cat__ackley_10d,cat,FMP,2,500,6.616953525505885,0.3719512195121951,0.0,0,0,96,5.02173490000132,0.031465099804336205,4.990269800196984,0.4959349593495935,0.3770491803278688,0.5040650406504065,0.36693548387096775,0.0,
cat__ackley_10d,cat,FMP,3,500,8.661466544347117,0.3130081300813008,0.0,0,0,96,5.0907355999952415,0.03158849997271318,5.059147100022528,0.4349593495934959,0.3130841121495327,0.5650406504065041,0.3129496402877698,0.0,
cat__ackley_10d,cat,FMP,4,500,6.883032809545879,0.3353658536585366,0.0,0,0,96,5.223857999997563,0.03280920004181098,5.191048799955752,0.42073170731707316,0.32367149758454106,0.5792682926829268,0.34385964912280703,0.0,
cat__ackley_10d,cat,FMP,5,500,6.054886326207953,0.3170731707317073,0.0,0,0,96,5.331544599990593,0.036123300131293945,5.295421299859299,0.42276422764227645,0.35096153846153844,0.5752032520325203,0.28975265017667845,0.0020325203252032522,1.0
cat__ackley_10d,cat,FMP,6,500,7.563334683596398,0.40040650406504064,0.0,0,0,96,5.31529810000211,0.033071300087613054,5.282226799914497,0.4796747967479675,0.423728813559322,0.5203252032520326,0.37890625,0.0,
cat__ackley_10d,cat,FMP,7,500,5.380862836154602,0.37601626016260165,0.0,0,0,96,5.137787200001185,0.031499900098424405,5.10628729990276,0.4349593495934959,0.42990654205607476,0.5650406504065041,0.3345323741007194,0.0,
cat__ackley_10d,cat,FMP,8,500,6.167193773567206,0.35365853658536583,0.0,0,0,96,5.18521189999592,0.03327409994381014,5.15193780005211,0.44308943089430897,0.3577981651376147,0.556910569105691,0.35036496350364965,0.0,
cat__ackley_10d,cat,FMP,9,500,5.330127933679403,0.3719512195121951,0.0,0,0,96,5.18775270000333,0.03452580000157468,5.153226900001755,0.42276422764227645,0.40865384615384615,0.5772357723577236,0.34507042253521125,0.0,
cat__ackley_10d,cat,FMP,10,500,5.49261828388758,0.3617886178861789,0.0,0,0,96,5.2647911999956705,0.033829400010290556,5.23096179998538,0.3902439024390244,0.4010416666666667,0.6077235772357723,0.33444816053511706,0.0020325203252032522,1.0
cat__ackley_10d,cat,FMP,11,500,5.939741600511965,0.3597560975609756,0.0,0,0,96,5.359935699991183,0.035336599888978526,5.324599100102205,0.4451219512195122,0.3744292237442922,0.5548780487804879,0.34798534798534797,0.0,
cat__ackley_10d,cat,FMP,12,500,5.744305907011036,0.3475609756097561,0.0,0,0,96,5.013197799999034,0.03347539984679315,4.979722400152241,0.40040650406504064,0.3553299492385787,0.5995934959349594,0.3423728813559322,0.0,
cat__ackley_10d,cat,FMP,13,500,5.847625078173319,0.3617886178861789,0.0,0,0,96,5.251699599990388,0.03482710014213808,5.21687249984825,0.4634146341463415,0.41228070175438597,0.5365853658536586,0.3181818181818182,0.0,
cat__ackley_10d,cat,FMP,14,500,5.320934519095019,0.32113821138211385,0.0,0,0,96,5.028476599996793,0.033468200053903274,4.99500839994289,0.35772357723577236,0.3522727272727273,0.6422764227642277,0.3037974683544304,0.0,
cat__ackley_10d,cat,FMP,15,500,6.304812871267732,0.35772357723577236,0.0,0,0,96,5.232203799998388,0.03463959990767762,5.19756420009071,0.4247967479674797,0.3684210526315789,0.5752032520325203,0.3498233215547703,0.0,
cat__ackley_10d,cat,FMP,16,500,4.740534794754346,0.3252032520325203,0.0,0,0,96,5.4827341999916825,0.03654300016933121,5.446191199822351,0.3638211382113821,0.39106145251396646,0.6361788617886179,0.28753993610223644,0.0,
cat__ackley_10d,cat,FMP,17,500,7.221034355939114,0.37601626016260165,0.0,0,0,96,5.3447472999978345,0.03522540020640008,5.309521899791434,0.4613821138211382,0.3832599118942731,0.5386178861788617,0.36981132075471695,0.0,
cat__ackley_10d,cat,FMP,18,500,6.958679486352596,0.37398373983739835,0.0,0,0,96,5.3732932999992045,0.03474650016869418,5.33854679983051,0.44715447154471544,0.42727272727272725,0.5528455284552846,0.33088235294117646,0.0,
cat__ackley_10d,cat,FMP,19,500,6.252747525360579,0.3516260162601626,0.0,0,0,96,5.313065199996345,0.03598369992687367,5.277081500069471,0.46747967479674796,0.3739130434782609,0.532520325203252,0.3320610687022901,0.0,
cat__levy_10d,cat,FMP,0,500,0.6236259428636518,0.47764227642276424,0.0,0,0,96,5.16093080000428,0.04286330004106276,5.118067499963217,0.7703252032520326,0.5118733509234829,0.22967479674796748,0.36283185840707965,0.0,
cat__levy_10d,cat,FMP,1,500,3.3960155784876775,0.4146341463414634,0.0,0,0,96,5.166773699995247,0.041955999957281165,5.1248177000379656,0.7621951219512195,0.41333333333333333,0.23780487804878048,0.4188034188034188,0.0,
cat__levy_10d,cat,FMP,2,500,1.0397693572411328,0.4329268292682927,0.0,0,0,96,5.210969799998566,0.04288550002092961,5.168084299977636,0.709349593495935,0.4498567335243553,0.27235772357723576,0.41044776119402987,0.018292682926829267,0.1111111111111111
cat__levy_10d,cat,FMP,3,500,0.6422956001122988,0.45121951219512196,0.0,0,0,96,4.971242200001143,0.041066399950068444,4.9301758000510745,0.8109756097560976,0.44360902255639095,0.18902439024390244,0.4838709677419355,0.0,
cat__levy_10d,cat,FMP,4,500,1.374524594609424,0.34552845528455284,0.0,0,0,96,5.231869600000209,0.04249190023983829,5.189377699760371,0.6910569105691057,0.3558823529411765,0.3089430894308943,0.3223684210526316,0.0,
cat__levy_10d,cat,FMP,5,500,2.6262934762770436,0.38414634146341464,0.0,0,0,96,5.2410302000062075,0.04316170011588838,5.197868499890319,0.6585365853658537,0.37037037037037035,0.34146341463414637,0.4107142857142857,0.0,
cat__levy_10d,cat,FMP,6,500,1.7052021927068335,0.4349593495934959,0.0,0,0,96,5.216999800002668,0.048241100274026394,5.168758699728642,0.7357723577235772,0.44751381215469616,0.26422764227642276,0.4,0.0,
cat__levy_10d,cat,FMP,7,500,1.0154510089512827,0.37601626016260165,0.0,0,0,96,5.241049500007648,0.04195980001532007,5.199089699992328,0.6869918699186992,0.3994082840236686,0.3130081300813008,0.3246753246753247,0.0,
cat__levy_10d,cat,FMP,8,500,2.428206147308023,0.3882113821138211,0.0,0,0,96,5.201799899994512,0.04635370004689321,5.155446199947619,0.693089430894309,0.39002932551319647,0.30691056910569103,0.3841059602649007,0.0,
cat__levy_10d,cat,FMP,9,500,1.8560655379504898,0.4817073170731707,0.0,0,0,96,5.451083300009486,0.04646600013074931,5.404617299878737,0.7703252032520326,0.49076517150395776,0.22967479674796748,0.45132743362831856,0.0,
cat__levy_10d,cat,FMP,10,500,1.5220067031240136,0.35365853658536583,0.0,0,0,96,5.069554800007609,0.0427158999373205,5.026838900070288,0.6829268292682927,0.35714285714285715,0.3170731707317073,0.34615384615384615,0.0,
cat__levy_10d,cat,FMP,11,500,1.6850346365241315,0.4186991869918699,0.0,0,0,96,5.181342600000789,0.048958699873765,5.132383900127024,0.8109756097560976,0.41102756892230574,0.18902439024390244,0.45161290322580644,0.0,
cat__levy_10d,cat,FMP,12,500,1.1175435053421248,0.3638211382113821,0.0,0,0,96,5.066330700006802,0.04302330026985146,5.02330739973695,0.6138211382113821,0.3708609271523179,0.3861788617886179,0.3526315789473684,0.0,
cat__levy_10d,cat,FMP,13,500,1.2325139414812192,0.4898373983739837,0.0,0,0,96,5.2867813000048045,0.04511380004987586,5.241667499954929,0.790650406504065,0.5012853470437018,0.20934959349593496,0.44660194174757284,0.0,
cat__levy_10d,cat,FMP,14,500,0.6676415537804933,0.3678861788617886,0.0,0,0,96,5.227677000002586,0.045184300222899765,5.1824926997796865,0.6991869918699187,0.35174418604651164,0.3008130081300813,0.40540540540540543,0.0,
cat__levy_10d,cat,FMP,15,500,3.440320967681632,0.4735772357723577,0.0,0,0,96,5.0664533999952255,0.044276600136072375,5.022176799859153,0.7723577235772358,0.4789473684210526,0.22764227642276422,0.45535714285714285,0.0,
cat__levy_10d,cat,FMP,16,500,1.3794554181075709,0.40853658536585363,0.0,0,0,96,5.209627400006866,0.04303440006333403,5.166592999943532,0.6686991869918699,0.41033434650455924,0.3313008130081301,0.4049079754601227,0.0,
cat__levy_10d,cat,FMP,17,500,2.276784071184792,0.4369918699186992,0.0,0,0,96,5.046317599990289,0.0472184999671299,4.999099100023159,0.8089430894308943,0.44472361809045224,0.1910569105691057,0.40425531914893614,0.0,
cat__levy_10d,cat,FMP,18,500,0.45395217053668496,0.44715447154471544,0.0,0,0,96,5.176311599992914,0.04436799978429917,5.131943600208615,0.6686991869918699,0.46808510638297873,0.3313008130081301,0.4049079754601227,0.0,
cat__levy_10d,cat,FMP,19,500,4.620764937941395,0.3780487804878049,0.0,0,0,96,5.352021500002593,0.044615499922656454,5.307406000079936,0.5995934959349594,0.36271186440677966,0.40040650406504064,0.4010152284263959,0.0,
cat__rastrigin_10d,cat,FMP,0,500,60.79435807737738,0.2845528455284553,0.0,0,0,96,5.363355099994806,0.0356603997934144,5.327694700201391,0.36585365853658536,0.2722222222222222,0.6341463414634146,0.2916666666666667,0.0,
cat__rastrigin_10d,cat,FMP,1,500,39.349052169690864,0.2764227642276423,0.0,0,0,96,5.456054700000095,0.0420302997372346,5.414024400262861,0.32723577235772355,0.2670807453416149,0.6727642276422764,0.2809667673716012,0.0,
cat__rastrigin_10d,cat,FMP,2,500,70.49889865144392,0.3008130081300813,0.0,0,0,96,5.375977999996394,0.04245250014355406,5.33352549985284,0.3597560975609756,0.327683615819209,0.6402439024390244,0.2857142857142857,0.0,
cat__rastrigin_10d,cat,FMP,3,500,48.736593142087834,0.27235772357723576,0.0,0,0,96,5.463986199989449,0.042419800083735026,5.421566399905714,0.3719512195121951,0.25136612021857924,0.6280487804878049,0.284789644012945,0.0,
cat__rastrigin_10d,cat,FMP,4,500,45.070866026776216,0.22357723577235772,0.0,0,0,96,5.175232000008691,0.031873099971562624,5.1433589000371285,0.34552845528455284,0.19411764705882353,0.6524390243902439,0.2367601246105919,0.0020325203252032522,1.0
cat__rastrigin_10d,cat,FMP,5,500,54.57720397650682,0.30284552845528456,0.0,0,0,96,4.997951600002125,0.02990119982860051,4.968050400173524,0.3983739837398374,0.2857142857142857,0.6016260162601627,0.3141891891891892,0.0,
cat__rastrigin_10d,cat,FMP,6,500,53.69294046112202,0.29878048780487804,0.0,0,0,96,4.991033800004516,0.031593500199960545,4.959440299804555,0.36585365853658536,0.3111111111111111,0.6341463414634146,0.2916666666666667,0.0,
cat__rastrigin_10d,cat,FMP,7,500,53.73571420913718,0.29065040650406504,0.0,0,0,96,5.1083745999931125,0.030722600102308206,5.077651999890804,0.3780487804878049,0.27956989247311825,0.6219512195121951,0.2973856209150327,0.0,
cat__rastrigin_10d,cat,FMP,8,500,69.0164865889495,0.2865853658536585,0.0,0,0,96,5.222281099995598,0.03192879985726904,5.190352300138329,0.3699186991869919,0.1978021978021978,0.6300813008130082,0.3387096774193548,0.0,
cat__rastrigin_10d,cat,FMP,9,500,57.36850060875676,0.34552845528455284,0.0,0,0,96,5.1680161000113,0.0345172999514034,5.133498800059897,0.42276422764227645,0.3076923076923077,0.5772357723577236,0.3732394366197183,0.0,
cat__rastrigin_10d,cat,FMP,10,500,61.38305969911339,0.30691056910569103,0.0,0,0,96,5.167975699994713,0.03142100015247706,5.136554699842236,0.3800813008130081,0.3315508021390374,0.6199186991869918,0.29180327868852457,0.0,
cat__rastrigin_10d,cat,FMP,11,500,34.166013066413456,0.27235772357723576,0.0,0,0,96,5.32243169999856,0.03130860021337867,5.291123099785182,0.3902439024390244,0.24479166666666666,0.6077235772357723,0.28762541806020064,0.0020325203252032522,1.0
cat__rastrigin_10d,cat,FMP,12,500,45.07698883923144,0.31097560975609756,0.0,0,0,96,5.389179600009811,0.03268920007394627,5.356490399935865,0.3821138211382114,0.324468085106383,0.6178861788617886,0.3026315789473684,0.0,
cat__rastrigin_10d,cat,FMP,13,500,35.7278552148682,0.2703252032520325,0.0,0,0,96,5.31047050000052,0.03194729992537759,5.278523200075142,0.33739837398373984,0.24096385542168675,0.6585365853658537,0.2839506172839506,0.0040650406504065045,0.5
cat__rastrigin_10d,cat,FMP,14,500,47.42124428092691,0.27439024390243905,0.0,0,0,96,5.435873800000991,0.03232539992313832,5.403548400077852,0.3699186991869919,0.2802197802197802,0.6280487804878049,0.2686084142394822,0.0020325203252032522,1.0
cat__rastrigin_10d,cat,FMP,15,500,47.24255278294599,0.22764227642276422,0.0,0,0,96,5.237423800004763,0.031528499923297204,5.205895300081465,0.3434959349593496,0.27218934911242604,0.6565040650406504,0.2043343653250774,0.0,
cat__rastrigin_10d,cat,FMP,16,500,55.7860318011727,0.27439024390243905,0.0,0,0,96,4.884262799998396,0.02943379974749405,4.854829000250902,0.3313008130081301,0.3374233128834356,0.6605691056910569,0.24307692307692308,0.008130081300813009,0.25
cat__rastrigin_10d,cat,FMP,17,500,55.84271158627207,0.30691056910569103,0.0,0,0,96,5.162029099999927,0.03289710023091175,5.129131999769015,0.3800813008130081,0.3315508021390374,0.6199186991869918,0.29180327868852457,0.0,
cat__rastrigin_10d,cat,FMP,18,500,64.2812782630587,0.22560975609756098,0.0,0,0,96,5.221798400001717,0.03133449982851744,5.190463900173199,0.32113821138211385,0.23417721518987342,0.676829268292683,0.21921921921921922,0.0020325203252032522,1.0
cat__rastrigin_10d,cat,FMP,19,500,48.06471600027067,0.26422764227642276,0.0,0,0,96,4.966539899993222,0.03150099997583311,4.935038900017389,0.3719512195121951,0.273224043715847,0.6280487804878049,0.2588996763754045,0.0,
cat__schwefel_10d,cat,FMP,0,500,1897.416744282721,0.24390243902439024,0.0,0,0,96,5.317269599996507,0.033447600100771524,5.283821999895736,0.3516260162601626,0.24855491329479767,0.6443089430894309,0.23974763406940064,0.0040650406504065045,0.5
cat__schwefel_10d,cat,FMP,1,500,1077.7625438309647,0.3313008130081301,0.0,0,0,96,5.298706299989135,0.033854499968583696,5.264851800020551,0.3719512195121951,0.33879781420765026,0.6280487804878049,0.3268608414239482,0.0,
cat__schwefel_10d,cat,FMP,2,500,1240.9396064176563,0.3353658536585366,0.0,0,0,96,5.359426800001529,0.03424969998013694,5.325177100021392,0.43902439024390244,0.3148148148148148,0.5589430894308943,0.3490909090909091,0.0020325203252032522,1.0
cat__schwefel_10d,cat,FMP,3,500,1900.66823138144,0.25203252032520324,0.0,0,0,96,5.421141300001182,0.034930700159748085,5.386210599841434,0.31910569105691056,0.27388535031847133,0.6808943089430894,0.2417910447761194,0.0,
cat__schwefel_10d,cat,FMP,4,500,1679.1280405016646,0.24796747967479674,0.0,0,0,96,4.9986598000105005,0.02898649980488699,4.9696733002056135,0.3678861788617886,0.24861878453038674,0.6321138211382114,0.24758842443729903,0.0,
cat__schwefel_10d,cat,FMP,5,500,1833.8326317200276,0.2926829268292683,0.0,0,0,96,5.131117099997937,0.029050699900835752,5.102066400097101,0.3678861788617886,0.3259668508287293,0.6280487804878049,0.27184466019417475,0.0040650406504065045,0.5
cat__schwefel_10d,cat,FMP,6,500,1602.3490834157883,0.32723577235772355,0.0,0,0,96,5.095438799995463,0.029107099951943383,5.06633170004352,0.42276422764227645,0.35096153846153844,0.5772357723577236,0.30985915492957744,0.0,
cat__schwefel_10d,cat,FMP,7,500,1091.5961423117183,0.3313008130081301,0.0,0,0,96,5.1971522999956505,0.02863150012854021,5.16852079986711,0.41260162601626016,0.3251231527093596,0.5873983739837398,0.3356401384083045,0.0,
cat__schwefel_10d,cat,FMP,8,500,1395.220828944769,0.3617886178861789,0.0,0,0,96,5.2257955000095535,0.028843700114521198,5.196951799895032,0.39227642276422764,0.3471502590673575,0.6077235772357723,0.3712374581939799,0.0,
cat__schwefel_10d,cat,FMP,9,500,820.7401882145878,0.3231707317073171,0.0,0,0,96,4.978116600002977,0.028294000163441524,4.9498225998395355,0.39634146341463417,0.3435897435897436,0.6036585365853658,0.30976430976430974,0.0,
cat__schwefel_10d,cat,FMP,10,500,1594.2162791618366,0.37601626016260165,0.0,0,0,96,5.1790710000059335,0.032194499974139035,5.146876500031794,0.41260162601626016,0.4039408866995074,0.5873983739837398,0.356401384083045,0.0,
cat__schwefel_10d,cat,FMP,11,500,1162.8549290853316,0.31910569105691056,0.0,0,0,96,5.245255600006203,0.029454500137944706,5.2158010998682585,0.39227642276422764,0.3160621761658031,0.6077235772357723,0.3210702341137124,0.0,
cat__schwefel_10d,cat,FMP,12,500,1103.8557465675513,0.2784552845528455,0.0,0,0,96,5.457187599997269,0.03169490006985143,5.425492699927418,0.34552845528455284,0.29411764705882354,0.6544715447154471,0.2701863354037267,0.0,
cat__schwefel_10d,cat,FMP,13,500,1773.3956432683062,0.3048780487804878,0.0,0,0,96,5.4129506000026595,0.029659499967237934,5.3832911000354216,0.3638211382113821,0.3128491620111732,0.6341463414634146,0.2980769230769231,0.0020325203252032522,1.0
cat__schwefel_10d,cat,FMP,14,500,1306.5086330094678,0.2682926829268293,0.0,0,0,96,5.4739644000073895,0.03122099993925076,5.442743400068139,0.3800813008130081,0.2994652406417112,0.6199186991869918,0.24918032786885247,0.0,
cat__schwefel_10d,cat,FMP,15,500,1247.7761306637221,0.30691056910569103,0.0,0,0,96,5.236508899994078,0.029523900084313937,5.206984999909764,0.3882113821138211,0.3193717277486911,0.6117886178861789,0.29900332225913623,0.0,
cat__schwefel_10d,cat,FMP,16,500,1379.263493549126,0.2540650406504065,0.0,0,0,96,5.372394599995459,0.0312915002432419,5.3411030997522175,0.3434959349593496,0.2781065088757396,0.6565040650406504,0.24148606811145512,0.0,
cat__schwefel_10d,cat,FMP,17,500,1724.6140819528428,0.2865853658536585,0.0,0,0,96,5.041825299995253,0.0295365000347374,5.0122887999605155,0.3678861788617886,0.3149171270718232,0.6321138211382114,0.27009646302250806,0.0,
cat__schwefel_10d,cat,FMP,18,500,924.7251906386236,0.29471544715447157,0.0,0,0,96,5.305340499995509,0.029799900017678738,5.27554059997783,0.37601626016260165,0.32972972972972975,0.6239837398373984,0.2736156351791531,0.0,
cat__schwefel_10d,cat,FMP,19,500,1707.2928881069683,0.10772357723577236,0.0,0,0,96,5.063311199992313,0.02914519996556919,5.034166000026744,0.16056910569105692,0.24050632911392406,0.26422764227642276,0.26153846153846155,0.5752032520325203,0.0
cat__sphere_10d,cat,FMP,0,500,1.0308361319267272,0.540650406504065,0.0,0,0,96,4.819324199997936,0.02464969978609588,4.7946745002118405,0.8313008130081301,0.530562347188264,0.16869918699186992,0.5903614457831325,0.0,
cat__sphere_10d,cat,FMP,1,500,0.5039298953206358,0.5040650406504065,0.0,0,0,96,5.226823500008322,0.02696680004009977,5.1998566999682225,0.8455284552845529,0.5216346153846154,0.15447154471544716,0.40789473684210525,0.0,
cat__sphere_10d,cat,FMP,2,500,0.8724220487471448,0.47764227642276424,0.0,0,0,96,4.901596299998346,0.02492680007708259,4.876669499921263,0.8211382113821138,0.4801980198019802,0.17886178861788618,0.4659090909090909,0.0,
cat__sphere_10d,cat,FMP,3,500,0.5150999741657825,0.5508130081300813,0.0,0,0,96,5.121261100008269,0.024791099887806922,5.096470000120462,0.8638211382113821,0.5411764705882353,0.13617886178861788,0.6119402985074627,0.0,
cat__sphere_10d,cat,FMP,4,500,0.45540271429076246,0.43902439024390244,0.0,0,0,96,5.266948399992543,0.025678000194602646,5.241270399797941,0.782520325203252,0.45714285714285713,0.21747967479674796,0.37383177570093457,0.0,
cat__sphere_10d,cat,FMP,5,500,1.084064601391591,0.5040650406504065,0.0,0,0,96,5.2636801000044215,0.029711700073676184,5.233968399930745,0.7723577235772358,0.5131578947368421,0.22764227642276422,0.4732142857142857,0.0,
cat__sphere_10d,cat,FMP,6,500,0.35071380903519017,0.5284552845528455,0.0,0,0,96,5.030409699989832,0.025626499817008153,5.004783200172824,0.8130081300813008,0.5425,0.18699186991869918,0.4673913043478261,0.0,
cat__sphere_10d,cat,FMP,7,500,0.4996134740932111,0.5142276422764228,0.0,0,0,96,5.152447200001916,0.026011899899458513,5.126435300102457,0.806910569105691,0.5516372795969773,0.19308943089430894,0.35789473684210527,0.0,
cat__sphere_10d,cat,FMP,8,500,0.25902000074358156,0.483739837398374,0.0,0,0,96,5.325840999998036,0.02987999982724432,5.2959610001707915,0.8394308943089431,0.4963680387409201,0.16056910569105692,0.4177215189873418,0.0,
cat__sphere_10d,cat,FMP,9,500,0.4445226624884948,0.524390243902439,0.0,0,0,96,5.209713700009161,0.027454499766463414,5.182259200242697,0.8373983739837398,0.5339805825242718,0.16260162601626016,0.475,0.0,
cat__sphere_10d,cat,FMP,10,500,1.1683216313082943,0.5203252032520326,0.0,0,0,96,5.280326500011142,0.027715400094166398,5.252611099916976,0.8170731707317073,0.5174129353233831,0.18292682926829268,0.5333333333333333,0.0,
cat__sphere_10d,cat,FMP,11,500,1.0410104984733668,0.5284552845528455,0.0,0,0,96,5.236562999998569,0.028311900096014142,5.208251099902554,0.823170731707317,0.5580246913580247,0.17682926829268292,0.39080459770114945,0.0,
cat__sphere_10d,cat,FMP,12,500,0.5083951400374432,0.48577235772357724,0.0,0,0,96,5.327734499995131,0.029661999913514592,5.2980725000816165,0.8170731707317073,0.4975124378109453,0.18292682926829268,0.43333333333333335,0.0,
cat__sphere_10d,cat,FMP,13,500,0.6247651895285024,0.5203252032520326,0.0,0,0,96,5.094908099999884,0.0292796997964615,5.065628400203423,0.8292682926829268,0.5220588235294118,0.17073170731707318,0.5119047619047619,0.0,
cat__sphere_10d,cat,FMP,14,500,0.428994432601259,0.4878048780487805,0.0,0,0,96,5.139568800004781,0.02719750012329314,5.112371299881488,0.8252032520325203,0.49261083743842365,0.17479674796747968,0.46511627906976744,0.0,
cat__sphere_10d,cat,FMP,15,500,0.641366607846645,0.5386178861788617,0.0,0,0,96,5.120254800000112,0.027374899815185927,5.092879900184926,0.8373983739837398,0.5606796116504854,0.16260162601626016,0.425,0.0,
cat__sphere_10d,cat,FMP,16,500,1.0360308764066586,0.4796747967479675,0.0,0,0,96,5.274073000007775,0.028658600102062337,5.245414399905712,0.8292682926829268,0.47058823529411764,0.16666666666666666,0.524390243902439,0.0040650406504065045,0.5
cat__sphere_10d,cat,FMP,17,500,0.6699807494428835,0.5752032520325203,0.0,0,0,96,5.304549299995415,0.03728579988819547,5.267263500107219,0.8170731707317073,0.5845771144278606,0.18292682926829268,0.5333333333333333,0.0,
cat__sphere_10d,cat,FMP,18,500,0.48929767196003643,0.5508130081300813,0.0,0,0,96,5.216164800003753,0.027885699717444368,5.188279100286309,0.7987804878048781,0.5572519083969466,0.20121951219512196,0.5252525252525253,0.0,
cat__sphere_10d,cat,FMP,19,500,0.32911701382645947,0.47560975609756095,0.0,0,0,96,5.330057099999976,0.028903000173158944,5.301154099826817,0.7804878048780488,0.4973958333333333,0.21951219512195122,0.39814814814814814,0.0,
cont__ackley_10d,cont,FMP,0,500,5.9924497180623035,0.4349593495934959,0.0,0,0,96,3.5223651000123937,0.03770960003021173,3.484655499982182,0.4613821138211382,0.4977973568281938,0.5386178861788617,0.38113207547169814,0.0,
cont__ackley_10d,cont,FMP,1,500,7.501016724587144,0.4695121951219512,0.0,0,0,96,3.5219267000065884,0.03446220001205802,3.4874644999945303,0.4654471544715447,0.5065502183406113,0.5345528455284553,0.4372623574144487,0.0,
cont__ackley_10d,cont,FMP,2,500,5.794647654791579,0.45934959349593496,0.0,0,0,96,3.470808300000499,0.03560790003393777,3.4352003999665612,0.4695121951219512,0.5021645021645021,0.5304878048780488,0.421455938697318,0.0,
cont__ackley_10d,cont,FMP,3,500,6.48535190981972,0.4410569105691057,0.0,0,0,96,3.293043099998613,0.034073099930537865,3.258970000068075,0.4268292682926829,0.49523809523809526,0.573170731707317,0.40070921985815605,0.0,
cont__ackley_10d,cont,FMP,4,500,4.642511100183736,0.41260162601626016,0.0,0,0,96,3.295044600003166,0.029017699882388115,3.266026900120778,0.4166666666666667,0.45365853658536587,0.5833333333333334,0.3832752613240418,0.0,
cont__ackley_10d,cont,FMP,5,500,6.535315658179314,0.4146341463414634,0.0,0,0,96,3.2702990000107093,0.028456200016080402,3.241842799994629,0.4532520325203252,0.4304932735426009,0.5467479674796748,0.40148698884758366,0.0,
cont__ackley_10d,cont,FMP,6,500,5.629222953105838,0.4369918699186992,0.0,0,0,96,3.2872351999976672,0.028456999876652844,3.2587782001210144,0.4532520325203252,0.4484304932735426,0.5467479674796748,0.4275092936802974,0.0,
cont__ackley_10d,cont,FMP,7,500,5.91666757034249,0.4451219512195122,0.0,0,0,96,3.1419219999952475,0.027961899832007475,3.11396010016324,0.4654471544715447,0.48034934497816595,0.5345528455284553,0.4144486692015209,0.0,
cont__ackley_10d,cont,FMP,8,500,5.108002046027348,0.3943089430894309,0.0,0,0,96,3.229508000003989,0.027984799991827458,3.2015232000121614,0.4065040650406504,0.415,0.5934959349593496,0.3801369863013699,0.0,
cont__ackley_10d,cont,FMP,9,500,6.106483531094266,0.44308943089430897,0.0,0,0,96,3.1791482000116957,0.02839439998206217,3.1507538000296336,0.4186991869918699,0.4563106796116505,0.5813008130081301,0.43356643356643354,0.0,
cont__ackley_10d,cont,FMP,10,500,6.291269634245236,0.43089430894308944,0.0,0,0,96,3.2387026000069454,0.027733400056604296,3.210969199950341,0.4268292682926829,0.4380952380952381,0.573170731707317,0.425531914893617,0.0,
cont__ackley_10d,cont,FMP,11,500,5.328294878111652,0.4268292682926829,0.0,0,0,96,3.1101139999955194,0.026546900131506845,3.0835670998640126,0.4654471544715447,0.4104803493449782,0.5345528455284553,0.44106463878326996,0.0,
cont__ackley_10d,cont,FMP,12,500,6.5879215856354385,0.41260162601626016,0.0,0,0,96,3.3179769000125816,0.028327699925284833,3.2896492000872968,0.42276422764227645,0.5,0.5772357723577236,0.3485915492957746,0.0,
cont__ackley_10d,cont,FMP,13,500,6.923220965029156,0.4166666666666667,0.0,0,0,96,3.403340000004391,0.02879430011671502,3.374545699887676,0.4247967479674797,0.48325358851674644,0.5752032520325203,0.3674911660777385,0.0,
cont__ackley_10d,cont,FMP,14,500,6.897649351706729,0.4613821138211382,0.0,0,0,96,3.2204180999979144,0.027360399966710247,3.193057700031204,0.4695121951219512,0.5194805194805194,0.5304878048780488,0.4099616858237548,0.0,
cont__ackley_10d,cont,FMP,15,500,5.764024904919829,0.4186991869918699,0.0,0,0,96,3.3329725000075996,0.02790570013166871,3.305066799875931,0.4532520325203252,0.45739910313901344,0.5467479674796748,0.38661710037174724,0.0,
cont__ackley_10d,cont,FMP,16,500,6.565684550276739,0.4065040650406504,0.0,0,0,96,3.3010117999947397,0.030400100295082666,3.270611699699657,0.4329268292682927,0.40375586854460094,0.5670731707317073,0.40860215053763443,0.0,
cont__ackley_10d,cont,FMP,17,500,9.052398012058516,0.39634146341463417,0.0,0,0,96,3.1396051999909105,0.028288500267080963,3.1113166997238295,0.42073170731707316,0.42995169082125606,0.5792682926829268,0.3719298245614035,0.0,
cont__ackley_10d,cont,FMP,18,500,7.325465097632176,0.3882113821138211,0.0,0,0,96,3.269447999991826,0.02798760010045953,3.2414603998913663,0.4329268292682927,0.431924882629108,0.5670731707317073,0.3548387096774194,0.0,
cont__ackley_10d,cont,FMP,19,500,6.273425848269241,0.4695121951219512,0.0,0,0,96,3.151017399999546,0.02742670006409753,3.1235906999354484,0.4878048780487805,0.5333333333333333,0.5121951219512195,0.4087301587301587,0.0,
cont__griewank_10d,cont,FMP,0,500,3.6441568412335164,0.6036585365853658,0.0,0,0,96,3.2078943999949843,0.03017220010224264,3.1777221998927416,0.7987804878048781,0.6412213740458015,0.20121951219512196,0.45454545454545453,0.0,
cont__griewank_10d,cont,FMP,1,500,2.6635480226353434,0.6544715447154471,0.0,0,0,96,3.1955585999967298,0.02954740014683921,3.1660111998498905,0.8516260162601627,0.6682577565632458,0.1483739837398374,0.5753424657534246,0.0,
cont__griewank_10d,cont,FMP,2,500,2.900253608900983,0.6565040650406504,0.0,0,0,96,3.1224670999945374,0.029511100015952252,3.092955999978585,0.8475609756097561,0.6714628297362111,0.1524390243902439,0.5733333333333334,0.0,
cont__griewank_10d,cont,FMP,3,500,2.2938207993797395,0.6077235772357723,0.0,0,0,96,3.211753499999759,0.030436600107350387,3.1813168998924084,0.8109756097560976,0.6215538847117794,0.18902439024390244,0.5483870967741935,0.0,
cont__griewank_10d,cont,FMP,4,500,1.4478506857491318,0.5691056910569106,0.0,0,0,96,3.263781599991489,0.030265300069004297,3.233516299922485,0.8170731707317073,0.599502487562189,0.18292682926829268,0.43333333333333335,0.0,
cont__griewank_10d,cont,FMP,5,500,3.8864020900949106,0.5955284552845529,0.0,0,0,96,3.225531799995224,0.029336200081161223,3.1961955999140628,0.8495934959349594,0.6100478468899522,0.15040650406504066,0.5135135135135135,0.0,
cont__griewank_10d,cont,FMP,6,500,2.9431368121030186,0.6443089430894309,0.0,0,0,96,3.1156114999903366,0.02849009983765427,3.0871214001526823,0.8617886178861789,0.660377358490566,0.13821138211382114,0.5441176470588235,0.0,
cont__griewank_10d,cont,FMP,7,500,4.903366224773083,0.6321138211382114,0.0,0,0,96,3.1496317999990424,0.029093500081216916,3.1205382999178255,0.8272357723577236,0.6756756756756757,0.17276422764227642,0.4235294117647059,0.0,
cont__griewank_10d,cont,FMP,8,500,2.56167581384643,0.5589430894308943,0.0,0,0,96,3.3046699999977136,0.031857499983743764,3.27281250001397,0.806910569105691,0.5843828715365239,0.19308943089430894,0.45263157894736844,0.0,
cont__griewank_10d,cont,FMP,9,500,2.0331959187386675,0.6199186991869918,0.0,0,0,96,3.311006999996607,0.030540699968696572,3.2804663000279106,0.7967479674796748,0.6377551020408163,0.2032520325203252,0.55,0.0,
cont__griewank_10d,cont,FMP,10,500,3.670205926510789,0.6077235772357723,0.0,0,0,96,3.3586921999958577,0.030915300056221895,3.3277768999396358,0.8455284552845529,0.6033653846153846,0.15447154471544716,0.631578947368421,0.0,
cont__griewank_10d,cont,FMP,11,500,4.594195811591482,0.6280487804878049,0.0,0,0,96,3.28648009999597,0.030424199940171093,3.2560559000557987,0.8678861788617886,0.6487119437939111,0.13211382113821138,0.49230769230769234,0.0,
cont__griewank_10d,cont,FMP,12,500,1.63976262661749,0.6524390243902439,0.0,0,0,96,3.3643654999905266,0.03518380006426014,3.3291816999262664,0.8353658536585366,0.6520681265206812,0.16463414634146342,0.654320987654321,0.0,
cont__griewank_10d,cont,FMP,13,500,3.122092895830845,0.6463414634146342,0.0,0,0,96,3.4664481000072556,0.03235150009277277,3.434096599914483,0.8536585365853658,0.6619047619047619,0.14634146341463414,0.5555555555555556,0.0,
cont__griewank_10d,cont,FMP,14,500,1.917435463868824,0.6077235772357723,0.0,0,0,96,3.358860200009076,0.03235900012077764,3.3265011998882983,0.8394308943089431,0.6271186440677966,0.16056910569105692,0.5063291139240507,0.0,
cont__griewank_10d,cont,FMP,15,500,4.217456366748378,0.6077235772357723,0.0,0,0,96,3.2494401000003563,0.02963619996444322,3.219803900035913,0.806910569105691,0.6272040302267002,0.19308943089430894,0.5263157894736842,0.0,
cont__griewank_10d,cont,FMP,16,500,2.8402492127715377,0.6382113821138211,0.0,0,0,96,3.18454259999271,0.029345499875489622,3.1551971001172205,0.8313008130081301,0.6430317848410758,0.16869918699186992,0.6144578313253012,0.0,
cont__griewank_10d,cont,FMP,17,500,3.784959822936197,0.6016260162601627,0.0,0,0,96,3.0784424000012223,0.028729200072120875,3.0497131999291014,0.8516260162601627,0.6252983293556086,0.1483739837398374,0.4657534246575342,0.0,
cont__griewank_10d,cont,FMP,18,500,2.394407439141042,0.5772357723577236,0.0,0,0,96,3.085057300006156,0.02893089989083819,3.0561264001153177,0.782520325203252,0.6337662337662338,0.21747967479674796,0.37383177570093457,0.0,
cont__griewank_10d,cont,FMP,19,500,3.267209581256816,0.6869918699186992,0.0,0,0,96,3.0173890000005485,0.028079500058083795,2.9893094999424648,0.8455284552845529,0.7115384615384616,0.15447154471544716,0.5526315789473685,0.0,
cont__levy_10d,cont,FMP,0,500,6.058558696882426,0.3821138211382114,0.0,0,0,96,3.1796183999977075,0.03639349994773511,3.1432249000499723,0.5528455284552846,0.40808823529411764,0.44715447154471544,0.35,0.0,
cont__levy_10d,cont,FMP,1,500,0.440287734574168,0.43902439024390244,0.0,0,0,96,3.3320477999950526,0.03782010007125791,3.2942276999237947,0.6260162601626016,0.4675324675324675,0.37398373983739835,0.391304347826087,0.0,
cont__levy_10d,cont,FMP,2,500,1.0676287955988537,0.4634146341463415,0.0,0,0,96,3.3498069000052055,0.03739989994210191,3.3124070000631036,0.733739837398374,0.481994459833795,0.266260162601626,0.4122137404580153,0.0,
cont__levy_10d,cont,FMP,3,500,3.8997035006697263,0.46747967479674796,0.0,0,0,96,3.3638105999998515,0.03740009979810566,3.326410500201746,0.6178861788617886,0.4868421052631579,0.3821138211382114,0.43617021276595747,0.0,
cont__levy_10d,cont,FMP,4,500,1.2280465662461983,0.5060975609756098,0.0,0,0,96,3.4168400000053225,0.03835899991099723,3.3784810000943253,0.7215447154471545,0.532394366197183,0.2784552845528455,0.43795620437956206,0.0,
cont__levy_10d,cont,FMP,5,500,0.8957411992542352,0.5508130081300813,0.0,0,0,96,3.1368587000033585,0.03548209999280516,3.1013766000105534,0.7784552845528455,0.5691906005221932,0.22154471544715448,0.48623853211009177,0.0,
cont__levy_10d,cont,FMP,6,500,1.4656186084024307,0.5752032520325203,0.0,0,0,96,3.188068999996176,0.03610640006081667,3.1519625999353593,0.7276422764227642,0.6061452513966481,0.27235772357723576,0.4925373134328358,0.0,
cont__levy_10d,cont,FMP,7,500,2.571733126203973,0.5426829268292683,0.0,0,0,96,3.1868748999986565,0.03616519998467993,3.1507097000139765,0.676829268292683,0.5645645645645646,0.3231707317073171,0.4968553459119497,0.0,
cont__levy_10d,cont,FMP,8,500,1.4969982360593452,0.5,0.0,0,0,96,3.3832918999978574,0.03723160017398186,3.3460602998238755,0.7195121951219512,0.5141242937853108,0.2804878048780488,0.463768115942029,0.0,
cont__levy_10d,cont,FMP,9,500,1.3190468770065837,0.5040650406504065,0.0,0,0,96,3.2995025999989593,0.03666870019515045,3.262833899803809,0.6971544715447154,0.5422740524781341,0.30284552845528456,0.4161073825503356,0.0,
cont__levy_10d,cont,FMP,10,500,1.5014671575467533,0.49796747967479676,0.0,0,0,96,3.462586599998758,0.038222000148380175,3.424364599850378,0.6504065040650406,0.5125,0.34959349593495936,0.47093023255813954,0.0,
cont__levy_10d,cont,FMP,11,500,0.5122727033423213,0.556910569105691,0.0,0,0,96,3.412511300004553,0.039586899962159805,3.3729244000423932,0.7357723577235772,0.569060773480663,0.26422764227642276,0.5230769230769231,0.0,
cont__levy_10d,cont,FMP,12,500,0.5898035207695912,0.5203252032520326,0.0,0,0,96,3.3982901999988826,0.03857630002312362,3.359713899975759,0.774390243902439,0.5380577427821522,0.22560975609756098,0.4594594594594595,0.0,
cont__levy_10d,cont,FMP,13,500,0.8397006047221254,0.5060975609756098,0.0,0,0,96,3.3198505000036675,0.03689349985506851,3.282957000148599,0.717479674796748,0.5354107648725213,0.28252032520325204,0.4316546762589928,0.0,
cont__levy_10d,cont,FMP,14,500,1.6779449874556953,0.4817073170731707,0.0,0,0,96,3.362626600006479,0.03741660009836778,3.325209999908111,0.774390243902439,0.49081364829396323,0.22560975609756098,0.45045045045045046,0.0,
cont__levy_10d,cont,FMP,15,500,0.45539196117218084,0.556910569105691,0.0,0,0,96,3.3983962000056636,0.039002599951345474,3.359393600054318,0.7276422764227642,0.5782122905027933,0.27235772357723576,0.5,0.0,
cont__levy_10d,cont,FMP,16,500,7.565698886140847,0.4410569105691057,0.0,0,0,96,3.2796544000011636,0.03753820000565611,3.2421161999955075,0.5670731707317073,0.4910394265232975,0.4329268292682927,0.3755868544600939,0.0,
cont__levy_10d,cont,FMP,17,500,2.513493353128877,0.45934959349593496,0.0,0,0,96,3.293188800002099,0.037544900085777044,3.255643899916322,0.5914634146341463,0.44673539518900346,0.40853658536585363,0.47761194029850745,0.0,
cont__levy_10d,cont,FMP,18,500,1.434290896296308,0.5142276422764228,0.0,0,0,96,3.1794002000096953,0.036967499981983565,3.1424327000277117,0.7032520325203252,0.5144508670520231,0.2967479674796748,0.5136986301369864,0.0,
cont__levy_10d,cont,FMP,19,500,2.119789650094597,0.5304878048780488,0.0,0,0,96,3.269263599999249,0.03821059990150388,3.231053000097745,0.7682926829268293,0.5529100529100529,0.23170731707317074,0.45614035087719296,0.0,
cont__michalewicz_10d,cont,FMP,0,500,-5.627612261511747,0.3475609756097561,0.0,0,0,96,3.4401740999892354,0.03791779997118283,3.4022563000180526,0.3516260162601626,0.3583815028901734,0.6483739837398373,0.34169278996865204,0.0,
cont__michalewicz_10d,cont,FMP,1,500,-4.430596781377213,0.35772357723577236,0.0,0,0,96,3.4661599000100978,0.03741600013745483,3.428743899872643,0.38414634146341464,0.31746031746031744,0.6158536585365854,0.38283828382838286,0.0,
cont__michalewicz_10d,cont,FMP,2,500,-4.885983123214178,0.4024390243902439,0.0,0,0,96,3.3794847000099253,0.03933159999724012,3.340153100012685,0.39634146341463417,0.4307692307692308,0.6036585365853658,0.3838383838383838,0.0,
cont__michalewicz_10d,cont,FMP,3,500,-6.290439576973847,0.4166666666666667,0.0,0,0,96,3.433981499998481,0.053740700052003376,3.3802407999464776,0.41260162601626016,0.4088669950738916,0.5873983739837398,0.42214532871972316,0.0,
cont__michalewicz_10d,cont,FMP,4,500,-4.415914320876722,0.40040650406504064,0.0,0,0,96,3.6155065999919316,0.034817699997802265,3.5806888999941293,0.40447154471544716,0.36180904522613067,0.5955284552845529,0.42662116040955633,0.0,
cont__michalewicz_10d,cont,FMP,5,500,-5.00747206762868,0.3678861788617886,0.0,0,0,96,3.572859099993366,0.03357179988233838,3.5392873001110274,0.43089430894308944,0.38207547169811323,0.5691056910569106,0.35714285714285715,0.0,
cont__michalewicz_10d,cont,FMP,6,500,-5.188162038909966,0.3719512195121951,0.0,0,0,96,3.4013284999964526,0.031140599894570187,3.3701879001018824,0.3983739837398374,0.42346938775510207,0.6016260162601627,0.33783783783783783,0.0,
cont__michalewicz_10d,cont,FMP,7,500,-4.878452212824714,0.30284552845528456,0.0,0,0,96,3.469894000008935,0.0331967999227345,3.4366972000862006,0.34146341463414637,0.26785714285714285,0.6585365853658537,0.32098765432098764,0.0,
cont__michalewicz_10d,cont,FMP,8,500,-4.22464287901181,0.38414634146341464,0.0,0,0,96,3.4107977999956347,0.0323647999757668,3.378433000019868,0.3861788617886179,0.4368421052631579,0.6138211382113821,0.3509933774834437,0.0,
cont__michalewicz_10d,cont,FMP,9,500,-5.798390726781099,0.3617886178861789,0.0,0,0,96,3.2344446000061,0.030073500020080246,3.2043710999860195,0.34146341463414637,0.44047619047619047,0.6585365853658537,0.32098765432098764,0.0,
cont__michalewicz_10d,cont,FMP,10,500,-6.031671751197819,0.3353658536585366,0.0,0,0,96,3.21276310000394,0.030270299990661442,3.1824928000132786,0.3475609756097561,0.3216374269005848,0.6524390243902439,0.3426791277258567,0.0,
cont__michalewicz_10d,cont,FMP,11,500,-4.663799922969435,0.35365853658536583,0.0,0,0,96,3.3924204999930225,0.03357590005907696,3.3588445999339456,0.3617886178861789,0.34269662921348315,0.6382113821138211,0.35987261146496813,0.0,
cont__michalewicz_10d,cont,FMP,12,500,-5.505322518210356,0.3556910569105691,0.0,0,0,96,3.3823734000034165,0.032692300010239705,3.3496810999931768,0.3821138211382114,0.4148936170212766,0.6178861788617886,0.3190789473684211,0.0,
cont__michalewicz_10d,cont,FMP,13,500,-4.777863902860306,0.3130081300813008,0.0,0,0,96,3.2576627999951597,0.02969590004067868,3.227966899954481,0.34146341463414637,0.3273809523809524,0.6585365853658537,0.3055555555555556,0.0,
cont__michalewicz_10d,cont,FMP,14,500,-6.168385889329456,0.3394308943089431,0.0,0,0,96,3.389694600002258,0.03073830004723277,3.3589562999550253,0.34552845528455284,0.37058823529411766,0.6544715447154471,0.32298136645962733,0.0,
cont__michalewicz_10d,cont,FMP,15,500,-5.237158895669299,0.3597560975609756,0.0,0,0,96,3.2494912999973167,0.030086500104516745,3.2194047998928,0.36585365853658536,0.3333333333333333,0.6341463414634146,0.375,0.0,
cont__michalewicz_10d,cont,FMP,16,500,-5.09744504666966,0.37398373983739835,0.0,0,0,96,3.0035181999992346,0.028362600220134482,2.9751555997791,0.3882113821138211,0.38219895287958117,0.6117886178861789,0.3687707641196013,0.0,
cont__michalewicz_10d,cont,FMP,17,500,-5.046188072814679,0.37601626016260165,0.0,0,0,96,3.2898159999895142,0.030359099982888438,3.259456900006626,0.3597560975609756,0.4180790960451977,0.6402439024390244,0.3523809523809524,0.0,
cont__michalewicz_10d,cont,FMP,18,500,-5.418263937654767,0.34959349593495936,0.0,0,0,96,3.237136300012935,0.0306971998361405,3.2064391001767945,0.39634146341463417,0.36923076923076925,0.6036585365853658,0.3367003367003367,0.0,
cont__michalewicz_10d,cont,FMP,19,500,-4.482450254264005,0.3313008130081301,0.0,0,0,96,3.287369800003944,0.031055999934324063,3.25631380006962,0.3597560975609756,0.3615819209039548,0.6402439024390244,0.3142857142857143,0.0,
cont__rastrigin_10d,cont,FMP,0,500,58.59447203428216,0.3333333333333333,0.0,0,0,96,3.1225769000011496,0.025587500233086757,3.096989399768063,0.33739837398373984,0.3614457831325301,0.6626016260162602,0.31901840490797545,0.0,
cont__rastrigin_10d,cont,FMP,1,500,79.8272285452324,0.40040650406504064,0.0,0,0,96,3.2689097999973455,0.026661099938792177,3.2422487000585534,0.41260162601626016,0.43349753694581283,0.5873983739837398,0.3771626297577855,0.0,
cont__rastrigin_10d,cont,FMP,2,500,70.81628753528199,0.3678861788617886,0.0,0,0,96,3.330080800005817,0.030029500034288503,3.3000512999715284,0.38414634146341464,0.41798941798941797,0.6158536585365854,0.33663366336633666,0.0,
cont__rastrigin_10d,cont,FMP,3,500,51.28636384884295,0.3394308943089431,0.0,0,0,96,3.20801560000109,0.026137000080780126,3.18187859992031,0.3434959349593496,0.39644970414201186,0.6565040650406504,0.30959752321981426,0.0,
cont__rastrigin_10d,cont,FMP,4,500,51.6498684754929,0.40853658536585363,0.0,0,0,96,3.364188599996851,0.025927199705620296,3.3382614002912305,0.4146341463414634,0.4068627450980392,0.5853658536585366,0.4097222222222222,0.0,
cont__rastrigin_10d,cont,FMP,5,500,69.21554709748285,0.3434959349593496,0.0,0,0,96,3.3004341999912867,0.025633699959143996,3.2748005000321427,0.43902439024390244,0.37037037037037035,0.5609756097560976,0.322463768115942,0.0,
cont__rastrigin_10d,cont,FMP,6,500,49.40619182183951,0.3434959349593496,0.0,0,0,96,3.349318199994741,0.0266578000591835,3.3226603999355575,0.34552845528455284,0.32941176470588235,0.6544715447154471,0.35093167701863354,0.0,
cont__rastrigin_10d,cont,FMP,7,500,58.556787587965175,0.30284552845528456,0.0,0,0,96,3.3758525000012014,0.028084400182706304,3.347768099818495,0.3130081300813008,0.3116883116883117,0.6869918699186992,0.2988165680473373,0.0,
cont__rastrigin_10d,cont,FMP,8,500,49.82767915283837,0.3617886178861789,0.0,0,0,96,3.525949800008675,0.027735999989090487,3.4982138000195846,0.3719512195121951,0.3879781420765027,0.6280487804878049,0.34627831715210355,0.0,
cont__rastrigin_10d,cont,FMP,9,500,45.86837056829172,0.34146341463414637,0.0,0,0,96,3.3561436000018148,0.028890699890325777,3.327252900111489,0.36585365853658536,0.35555555555555557,0.6341463414634146,0.3333333333333333,0.0,
cont__rastrigin_10d,cont,FMP,10,500,42.080969316058486,0.3861788617886179,0.0,0,0,96,3.4066520999913337,0.02883230021689087,3.377819799774443,0.3699186991869919,0.3956043956043956,0.6300813008130082,0.38064516129032255,0.0,
cont__rastrigin_10d,cont,FMP,11,500,46.75782108399106,0.3861788617886179,0.0,0,0,96,3.2881595000071684,0.02675240002281498,3.2614070999843534,0.3902439024390244,0.4010416666666667,0.6097560975609756,0.37666666666666665,0.0,
cont__rastrigin_10d,cont,FMP,12,500,63.48758027632789,0.3821138211382114,0.0,0,0,96,3.342304799996782,0.027745600207708776,3.3145591997890733,0.4065040650406504,0.41,0.5934959349593496,0.363013698630137,0.0,
cont__rastrigin_10d,cont,FMP,13,500,57.01288080815627,0.38414634146341464,0.0,0,0,96,3.4553922999912174,0.028669899926171638,3.426722400065046,0.3882113821138211,0.39267015706806285,0.6117886178861789,0.3787375415282392,0.0,
cont__rastrigin_10d,cont,FMP,14,500,61.791629830412816,0.3882113821138211,0.0,0,0,96,3.3657182000024477,0.027172400019480847,3.338545799982967,0.3882113821138211,0.3769633507853403,0.6117886178861789,0.3953488372093023,0.0,
cont__rastrigin_10d,cont,FMP,15,500,63.07095570914858,0.3475609756097561,0.0,0,0,96,3.529084800000419,0.028124700009357184,3.5009600999910617,0.3434959349593496,0.34911242603550297,0.6565040650406504,0.34674922600619196,0.0,
cont__rastrigin_10d,cont,FMP,16,500,63.36147950472724,0.3638211382113821,0.0,0,0,96,3.128779399994528,0.025616999875637703,3.10316240011889,0.3617886178861789,0.3539325842696629,0.6382113821138211,0.36942675159235666,0.0,
cont__rastrigin_10d,cont,FMP,17,500,61.01514826960929,0.3882113821138211,0.0,0,0,96,3.246493600003305,0.026113300162251107,3.220380299841054,0.38414634146341464,0.3492063492063492,0.6158536585365854,0.41254125412541254,0.0,
cont__rastrigin_10d,cont,FMP,18,500,75.49066495576157,0.3089430894308943,0.0,0,0,96,3.2167820000031497,0.026094500033650547,3.190687499969499,0.32723577235772355,0.34782608695652173,0.6727642276422764,0.29003021148036257,0.0,
cont__rastrigin_10d,cont,FMP,19,500,60.33189619841096,0.3516260162601626,0.0,0,0,96,3.372779099998297,0.02748969978711102,3.345289400211186,0.3780487804878049,0.3548387096774194,0.6219512195121951,0.34967320261437906,0.0,
cont__rosenbrock_10d,cont,FMP,0,500,10.390666299368167,0.6544715447154471,0.0,0,0,96,3.5128817000077106,0.034578300299472176,3.4783033997082384,0.8780487804878049,0.6574074074074074,0.12195121951219512,0.6333333333333333,0.0,
cont__rosenbrock_10d,cont,FMP,1,500,10.755004685028036,0.3800813008130081,0.0,0,0,96,3.4644035999954212,0.034391900000628084,3.430011699994793,0.5630081300813008,0.4657039711191336,0.4369918699186992,0.26976744186046514,0.0,
cont__rosenbrock_10d,cont,FMP,2,500,7.250453576452099,0.516260162601626,0.0,0,0,96,3.427937300002668,0.033247199957259,3.394690100045409,0.7682926829268293,0.5291005291005291,0.23170731707317074,0.47368421052631576,0.0,
cont__rosenbrock_10d,cont,FMP,3,500,10.13887308817705,0.6869918699186992,0.0,0,0,96,3.556548800013843,0.034858700120821595,3.5216900998930214,0.8617886178861789,0.6910377358490566,0.13821138211382114,0.6617647058823529,0.0,
cont__rosenbrock_10d,cont,FMP,4,500,10.324801269087251,0.5914634146341463,0.0,0,0,96,3.5996909999958007,0.032934100105194375,3.5667568998906063,0.8089430894308943,0.6055276381909548,0.1910569105691057,0.5319148936170213,0.0,
cont__rosenbrock_10d,cont,FMP,5,500,10.698938523336057,0.6077235772357723,0.0,0,0,96,3.7053868000075454,0.03327589995751623,3.672110900050029,0.8638211382113821,0.6305882352941177,0.13617886178861788,0.4626865671641791,0.0,
cont__rosenbrock_10d,cont,FMP,6,500,11.38829640639684,0.6463414634146342,0.0,0,0,96,3.731303200009279,0.032290599832776934,3.699012600176502,0.8841463414634146,0.6551724137931034,0.11585365853658537,0.5789473684210527,0.0,
cont__rosenbrock_10d,cont,FMP,7,500,9.985541978485667,0.6890243902439024,0.0,0,0,96,3.7774171000055503,0.03608259986503981,3.7413345001405105,0.8434959349593496,0.6987951807228916,0.1565040650406504,0.6363636363636364,0.0,
cont__rosenbrock_10d,cont,FMP,8,500,9.378939488510774,0.573170731707317,0.0,0,0,96,3.559765400001197,0.035471399867674336,3.524294000133523,0.7967479674796748,0.5943877551020408,0.2032520325203252,0.49,0.0,
cont__rosenbrock_10d,cont,FMP,9,500,13.306038396093276,0.5975609756097561,0.0,0,0,96,3.5955204000056256,0.031793599962838925,3.5637268000427866,0.8922764227642277,0.621867881548975,0.10772357723577236,0.39622641509433965,0.0,
cont__rosenbrock_10d,cont,FMP,10,500,9.546912938193717,0.6016260162601627,0.0,0,0,96,3.6278712999919662,0.03347349978866987,3.5943978002032964,0.8211382113821138,0.6212871287128713,0.17886178861788618,0.5113636363636364,0.0,
cont__rosenbrock_10d,cont,FMP,11,500,18.78593306121888,0.5894308943089431,0.0,0,0,96,3.422506999995676,0.031737399724079296,3.3907696002715966,0.7764227642276422,0.6178010471204188,0.22357723577235772,0.4909090909090909,0.0,
cont__rosenbrock_10d,cont,FMP,12,500,9.00814499447449,0.6341463414634146,0.0,0,0,96,3.0998645999934524,0.028368999861413613,3.071495600132039,0.806910569105691,0.6624685138539043,0.19308943089430894,0.5157894736842106,0.0,
cont__rosenbrock_10d,cont,FMP,13,500,7.955392379666983,0.5528455284552846,0.0,0,0,96,3.467747499991674,0.029186399857280776,3.438561100134393,0.8130081300813008,0.5875,0.18699186991869918,0.40217391304347827,0.0,
cont__rosenbrock_10d,cont,FMP,14,500,8.713643944869341,0.5772357723577236,0.0,0,0,96,3.4680311999982223,0.030031899965251796,3.4379993000329705,0.7601626016260162,0.606951871657754,0.23983739837398374,0.4830508474576271,0.0,
cont__rosenbrock_10d,cont,FMP,15,500,10.363021021168736,0.6666666666666666,0.0,0,0,96,3.479971499997191,0.02955320013279561,3.4504182998643955,0.8617886178861789,0.6792452830188679,0.13821138211382114,0.5882352941176471,0.0,
cont__rosenbrock_10d,cont,FMP,16,500,6.073444512024516,0.4878048780487805,0.0,0,0,96,3.409869700000854,0.02988599981472362,3.3799837001861306,0.6260162601626016,0.5324675324675324,0.37398373983739835,0.41304347826086957,0.0,
cont__rosenbrock_10d,cont,FMP,17,500,11.49160521467634,0.5630081300813008,0.0,0,0,96,3.4514350999961607,0.03940590009733569,3.412029199898825,0.8272357723577236,0.5700245700245701,0.17276422764227642,0.5294117647058824,0.0,
cont__rosenbrock_10d,cont,FMP,18,500,8.771223140129111,0.5467479674796748,0.0,0,0,96,3.537879299998167,0.032391400061897,3.50548789993627,0.7479674796747967,0.5706521739130435,0.25203252032520324,0.47580645161290325,0.0,
cont__rosenbrock_10d,cont,FMP,19,500,13.821244281505574,0.6199186991869918,0.0,0,0,96,3.4518963000009535,0.028179499888210557,3.423716800112743,0.8292682926829268,0.6446078431372549,0.17073170731707318,0.5,0.0,
cont__schwefel_10d,cont,FMP,0,500,1404.363605657733,0.37398373983739835,0.0,0,0,96,3.5838549000036437,0.03275539989408571,3.551099500109558,0.37601626016260165,0.3945945945945946,0.6239837398373984,0.36156351791530944,0.0,
cont__schwefel_10d,cont,FMP,1,500,1524.262839142696,0.35772357723577236,0.0,0,0,96,3.5150929000083124,0.031758400160470046,3.4833344998478424,0.3638211382113821,0.3575418994413408,0.6361788617886179,0.35782747603833864,0.0,
cont__schwefel_10d,cont,FMP,2,500,1074.6353638912542,0.4186991869918699,0.0,0,0,96,3.5683116000000155,0.031019700050819665,3.537291899949196,0.44308943089430897,0.43577981651376146,0.556910569105691,0.4051094890510949,0.0,
cont__schwefel_10d,cont,FMP,3,500,1405.8386201964322,0.38414634146341464,0.0,0,0,96,3.514799100012169,0.031382100118207745,3.4834169998939615,0.3800813008130081,0.42780748663101603,0.6199186991869918,0.35737704918032787,0.0,
cont__schwefel_10d,cont,FMP,4,500,1561.8781267427266,0.3943089430894309,0.0,0,0,96,3.4514774000126636,0.027436099815531634,3.424041300197132,0.3882113821138211,0.42408376963350786,0.6117886178861789,0.3754152823920266,0.0,
cont__schwefel_10d,cont,FMP,5,500,1393.674238230447,0.3516260162601626,0.0,0,0,96,3.305702999990899,0.025281300200731494,3.2804216997901676,0.3394308943089431,0.3772455089820359,0.6605691056910569,0.3384615384615385,0.0,
cont__schwefel_10d,cont,FMP,6,500,1537.883132842223,0.43902439024390244,0.0,0,0,96,3.2918042999954196,0.024826299952110276,3.2669780000433093,0.4451219512195122,0.4657534246575342,0.5548780487804879,0.4175824175824176,0.0,
cont__schwefel_10d,cont,FMP,7,500,1026.8857374488853,0.3678861788617886,0.0,0,0,96,3.24504860000161,0.023937600024510175,3.2211109999770997,0.3638211382113821,0.4301675977653631,0.6361788617886179,0.33226837060702874,0.0,
cont__schwefel_10d,cont,FMP,8,500,1990.2766064407379,0.3638211382113821,0.0,0,0,96,3.3051616000011563,0.023661100116441958,3.2815004998847144,0.3434959349593496,0.4378698224852071,0.6565040650406504,0.32507739938080493,0.0,
cont__schwefel_10d,cont,FMP,9,500,885.8544158831787,0.36585365853658536,0.0,0,0,96,3.236815399999614,0.02374890018836595,3.213066499811248,0.3943089430894309,0.44329896907216493,0.6056910569105691,0.31543624161073824,0.0,
cont__schwefel_10d,cont,FMP,10,500,1954.043686638247,0.33739837398373984,0.0,0,0,96,3.161705999998958,0.02367159997811541,3.1380344000208424,0.35772357723577236,0.3522727272727273,0.6422764227642277,0.3291139240506329,0.0,
cont__schwefel_10d,cont,FMP,11,500,1206.858913258397,0.4065040650406504,0.0,0,0,96,3.2628847000014503,0.024248499728855677,3.2386362002725946,0.4105691056910569,0.4405940594059406,0.5894308943089431,0.38275862068965516,0.0,
cont__schwefel_10d,cont,FMP,12,500,1110.2297214410573,0.4105691056910569,0.0,0,0,96,3.2512467999913497,0.024086699995677918,3.2271600999956718,0.3780487804878049,0.489247311827957,0.6219512195121951,0.3627450980392157,0.0,
cont__schwefel_10d,cont,FMP,13,500,1693.3841145988858,0.3353658536585366,0.0,0,0,96,3.205795500005479,0.023161199962487444,3.1826343000429915,0.33739837398373984,0.3072289156626506,0.6626016260162602,0.3496932515337423,0.0,
cont__schwefel_10d,cont,FMP,14,500,1524.5796852033682,0.3861788617886179,0.0,0,0,96,3.249864199999138,0.02342680022411514,3.2264373997750226,0.3943089430894309,0.4639175257731959,0.6056910569105691,0.33557046979865773,0.0,
cont__schwefel_10d,cont,FMP,15,500,1474.2899895145715,0.3699186991869919,0.0,0,0,96,3.120960800006287,0.022634200082393363,3.098326599923894,0.3638211382113821,0.45251396648044695,0.6361788617886179,0.3226837060702875,0.0,
cont__schwefel_10d,cont,FMP,16,500,860.1727050299196,0.4065040650406504,0.0,0,0,96,3.261029500004952,0.022772900090785697,3.238256599914166,0.3861788617886179,0.4,0.6138211382113821,0.4105960264900662,0.0,
cont__schwefel_10d,cont,FMP,17,500,1873.6783453206135,0.36585365853658536,0.0,0,0,96,3.3596937999973306,0.023971599846845493,3.335722200150485,0.3800813008130081,0.40641711229946526,0.6199186991869918,0.34098360655737703,0.0,
cont__schwefel_10d,cont,FMP,18,500,1258.8214972727137,0.3902439024390244,0.0,0,0,96,3.2121945999970194,0.02331679980852641,3.188877800188493,0.4024390243902439,0.40404040404040403,0.5975609756097561,0.38095238095238093,0.0,
cont__schwefel_10d,cont,FMP,19,500,1729.144601761655,0.3821138211382114,0.0,0,0,96,3.32434779999312,0.02402249988517724,3.300325300107943,0.4146341463414634,0.4215686274509804,0.5853658536585366,0.3541666666666667,0.0,
cont__sphere_10d,cont,FMP,0,500,0.631407555610306,0.5955284552845529,0.0,0,0,96,3.1469699000008404,0.02069719995779451,3.126272700043046,0.7947154471544715,0.629156010230179,0.20528455284552846,0.46534653465346537,0.0,
cont__sphere_10d,cont,FMP,1,500,0.2052015773473399,0.6483739837398373,0.0,0,0,96,3.220462500001304,0.021247100085020065,3.199215399916284,0.8495934959349594,0.6602870813397129,0.15040650406504066,0.581081081081081,0.0,
cont__sphere_10d,cont,FMP,2,500,0.7039006217002275,0.6463414634146342,0.0,0,0,96,3.216043599997647,0.02131239985465072,3.1947312001429964,0.8495934959349594,0.6578947368421053,0.15040650406504066,0.581081081081081,0.0,
cont__sphere_10d,cont,FMP,3,500,0.6911064775931494,0.6321138211382114,0.0,0,0,96,3.0550587000034284,0.02046100000734441,3.034597699996084,0.7784552845528455,0.6501305483028721,0.22154471544715448,0.5688073394495413,0.0,
cont__sphere_10d,cont,FMP,4,500,0.40021649147428107,0.5711382113821138,0.0,0,0,96,3.146553499987931,0.021480499897734262,3.1250730000901967,0.8089430894308943,0.6030150753768844,0.1910569105691057,0.43617021276595747,0.0,
cont__sphere_10d,cont,FMP,5,500,0.5608972908419184,0.5792682926829268,0.0,0,0,96,3.1117289000103483,0.02076929999748245,3.090959600012866,0.8536585365853658,0.5857142857142857,0.14634146341463414,0.5416666666666666,0.0,
cont__sphere_10d,cont,FMP,6,500,0.18842516326129125,0.5589430894308943,0.0,0,0,96,3.057419500008109,0.02049089990032371,3.0369286001077853,0.8455284552845529,0.5769230769230769,0.15447154471544716,0.4605263157894737,0.0,
cont__sphere_10d,cont,FMP,7,500,0.8391438879801814,0.6443089430894309,0.0,0,0,96,3.3443220000044676,0.022051099891541526,3.322270900112926,0.8495934959349594,0.6650717703349283,0.15040650406504066,0.527027027027027,0.0,
cont__sphere_10d,cont,FMP,8,500,0.9552174387791992,0.5813008130081301,0.0,0,0,96,3.4014574000029825,0.022002800105838105,3.3794545998971444,0.8089430894308943,0.6080402010050251,0.1910569105691057,0.46808510638297873,0.0,
cont__sphere_10d,cont,FMP,9,500,0.2841388104930604,0.6199186991869918,0.0,0,0,96,3.425748099994962,0.0256289998505963,3.400119100144366,0.7967479674796748,0.6377551020408163,0.2032520325203252,0.55,0.0,
cont__sphere_10d,cont,FMP,10,500,0.5714382172740944,0.6077235772357723,0.0,0,0,96,3.27200769999763,0.021095900039654225,3.2509117999579757,0.8272357723577236,0.6240786240786241,0.17276422764227642,0.5294117647058824,0.0,
cont__sphere_10d,cont,FMP,11,500,0.9986112856633564,0.6280487804878049,0.0,0,0,96,3.3668152000027476,0.02221030004147906,3.3446048999612685,0.8678861788617886,0.6487119437939111,0.13211382113821138,0.49230769230769234,0.0,
cont__sphere_10d,cont,FMP,12,500,0.4173896635797062,0.6219512195121951,0.0,0,0,96,3.509941099997377,0.026644699843018316,3.4832964001543587,0.8191056910569106,0.6352357320099256,0.18089430894308944,0.5617977528089888,0.0,
cont__sphere_10d,cont,FMP,13,500,0.4563898515752838,0.6585365853658537,0.0,0,0,96,3.426104900005157,0.025200999953085557,3.4009039000520715,0.8150406504065041,0.6882793017456359,0.18495934959349594,0.5274725274725275,0.0,
cont__sphere_10d,cont,FMP,14,500,0.6314683067941333,0.5833333333333334,0.0,0,0,96,3.4948581000062404,0.024940999763202854,3.4699171002430376,0.8048780487804879,0.6060606060606061,0.1951219512195122,0.4895833333333333,0.0,
cont__sphere_10d,cont,FMP,15,500,0.6813048839626072,0.5914634146341463,0.0,0,0,96,3.3964345999993384,0.025248199948691763,3.3711864000506466,0.823170731707317,0.6197530864197531,0.17682926829268292,0.45977011494252873,0.0,
cont__sphere_10d,cont,FMP,16,500,0.6215606216452217,0.6097560975609756,0.0,0,0,96,3.1064566999993986,0.02106649981578812,3.0853902001836104,0.8089430894308943,0.6206030150753769,0.1910569105691057,0.5638297872340425,0.0,
cont__sphere_10d,cont,FMP,17,500,0.5631003234189091,0.5833333333333334,0.0,0,0,96,3.0703049000003375,0.020306599864852615,3.049998300135485,0.8353658536585366,0.6058394160583942,0.16463414634146342,0.4691358024691358,0.0,
cont__sphere_10d,cont,FMP,18,500,0.27553716204664047,0.5873983739837398,0.0,0,0,96,3.217669899997418,0.02123359993856866,3.196436300058849,0.7886178861788617,0.6288659793814433,0.21138211382113822,0.4326923076923077,0.0,
cont__sphere_10d,cont,FMP,19,500,1.4256659607577937,0.5975609756097561,0.0,0,0,96,3.0247491000045557,0.02120030001970008,3.0035487999848556,0.8373983739837398,0.6067961165048543,0.16260162601626016,0.55,0.0,
cont__styblinski_tang_10d,cont,FMP,0,500,-355.63527964951334,0.4715447154471545,0.0,0,0,96,3.2819687000010163,0.027716900105588138,3.254251799895428,0.524390243902439,0.5038759689922481,0.47560975609756095,0.4358974358974359,0.0,
cont__styblinski_tang_10d,cont,FMP,1,500,-362.06251824061223,0.516260162601626,0.0,0,0,96,3.168183699992369,0.02679239991994109,3.141391300072428,0.6097560975609756,0.5466666666666666,0.3902439024390244,0.46875,0.0,
cont__styblinski_tang_10d,cont,FMP,2,500,-357.2578512743468,0.5121951219512195,0.0,0,0,96,3.2370708000089508,0.027523300057509914,3.209547499951441,0.6788617886178862,0.5149700598802395,0.32113821138211385,0.5063291139240507,0.0,
cont__styblinski_tang_10d,cont,FMP,3,500,-367.58410379789404,0.4735772357723577,0.0,0,0,96,3.132897800009232,0.027044300048146397,3.1058534999610856,0.5813008130081301,0.5314685314685315,0.4186991869918699,0.3932038834951456,0.0,
cont__styblinski_tang_10d,cont,FMP,4,500,-377.78953341322324,0.5101626016260162,0.0,0,0,96,3.248648000007961,0.027200900090974756,3.221447099916986,0.6077235772357723,0.5418060200668896,0.39227642276422764,0.46113989637305697,0.0,
cont__styblinski_tang_10d,cont,FMP,5,500,-380.35163194233974,0.524390243902439,0.0,0,0,96,3.313179399992805,0.027919899963308126,3.285259500029497,0.6036585365853658,0.5858585858585859,0.39634146341463417,0.4307692307692308,0.0,
cont__styblinski_tang_10d,cont,FMP,6,500,-373.4111152826942,0.5447154471544715,0.0,0,0,96,3.190998199992464,0.027130100032081828,3.163868099960382,0.758130081300813,0.5549597855227882,0.241869918699187,0.5126050420168067,0.0,
cont__styblinski_tang_10d,cont,FMP,7,500,-370.76989229095193,0.5121951219512195,0.0,0,0,96,3.3631850000092527,0.028438299952540547,3.334746700056712,0.6626016260162602,0.549079754601227,0.33739837398373984,0.4397590361445783,0.0,
cont__styblinski_tang_10d,cont,FMP,8,500,-369.6739395492015,0.5345528455284553,0.0,0,0,96,3.6700130999961402,0.03135170011955779,3.6386613998765824,0.6219512195121951,0.5980392156862745,0.3780487804878049,0.43010752688172044,0.0,
cont__styblinski_tang_10d,cont,FMP,9,500,-359.1384988742271,0.4735772357723577,0.0,0,0,96,3.67497550000553,0.028443800067179836,3.6465316999383504,0.5691056910569106,0.5357142857142857,0.43089430894308944,0.3915094339622642,0.0,
cont__styblinski_tang_10d,cont,FMP,10,500,-354.88839319448346,0.4715447154471545,0.0,0,0,96,3.706158200002392,0.039596900198375806,3.666561299804016,0.5467479674796748,0.5092936802973977,0.4532520325203252,0.4260089686098655,0.0,
cont__styblinski_tang_10d,cont,FMP,11,500,-354.53208009844576,0.524390243902439,0.0,0,0,96,3.4989470000000438,0.02961650022189133,3.4693304997781524,0.5833333333333334,0.5679442508710801,0.4166666666666667,0.4634146341463415,0.0,
cont__styblinski_tang_10d,cont,FMP,12,500,-384.95673420796516,0.5223577235772358,0.0,0,0,96,3.683694799998193,0.03392270005133469,3.6497720999468584,0.6280487804878049,0.5792880258899676,0.3719512195121951,0.4262295081967213,0.0,
cont__styblinski_tang_10d,cont,FMP,13,500,-380.6538216202394,0.5020325203252033,0.0,0,0,96,3.8154223000019556,0.0315845000295667,3.783837799972389,0.6016260162601627,0.5472972972972973,0.3983739837398374,0.4336734693877551,0.0,
cont__styblinski_tang_10d,cont,FMP,14,500,-368.871440872941,0.49390243902439024,0.0,0,0,96,3.7268231000052765,0.029816600057529286,3.697006499947747,0.5630081300813008,0.5451263537906137,0.4369918699186992,0.42790697674418604,0.0,
cont__styblinski_tang_10d,cont,FMP,15,500,-377.7841363873916,0.540650406504065,0.0,0,0,96,3.7771559999964666,0.029726200154982507,3.747429799841484,0.6138211382113821,0.6192052980132451,0.3861788617886179,0.41578947368421054,0.0,
cont__styblinski_tang_10d,cont,FMP,16,500,-342.5426811930957,0.5203252032520326,0.0,0,0,96,3.3353245000034804,0.026963000142131932,3.3083614998613484,0.5853658536585366,0.5659722222222222,0.4146341463414634,0.45588235294117646,0.0,
cont__styblinski_tang_10d,cont,FMP,17,500,-372.62893753907906,0.4898373983739837,0.0,0,0,96,3.261978000009549,0.03161920004640706,3.230358799963142,0.6341463414634146,0.5288461538461539,0.36585365853658536,0.4222222222222222,0.0,
cont__styblinski_tang_10d,cont,FMP,18,500,-372.35458451975205,0.5284552845528455,0.0,0,0,96,3.259770100004971,0.027465799867059104,3.232304300137912,0.6504065040650406,0.528125,0.34959349593495936,0.5290697674418605,0.0,
cont__styblinski_tang_10d,cont,FMP,19,500,-366.56818163679486,0.524390243902439,0.0,0,0,96,3.179810300003737,0.027359500018064864,3.1524507999856723,0.6605691056910569,0.563076923076923,0.3394308943089431,0.4491017964071856,0.0,
noisy__ackley_10d,noisy,FMP,0,500,16.1031121907569,0.32926829268292684,0.0,0,0,96,3.623680399992736,0.1915868997311918,3.4320935002615442,0.3861788617886179,0.3526315789473684,0.6138211382113821,0.31456953642384106,0.0,
noisy__ackley_10d,noisy,FMP,1,500,16.11828459230819,0.3170731707317073,0.0,0,0,96,3.6338618000008864,0.18600450006488245,3.447857299936004,0.3475609756097561,0.29239766081871343,0.6524390243902439,0.3302180685358255,0.0,
noisy__ackley_10d,noisy,FMP,2,500,13.841150885824145,0.34146341463414637,0.0,0,0,96,3.7089965000050142,0.18581540005106945,3.523181099953945,0.3882113821138211,0.3193717277486911,0.6117886178861789,0.3554817275747508,0.0,
noisy__ackley_10d,noisy,FMP,3,500,15.108469124993025,0.37601626016260165,0.0,0,0,96,3.660117799998261,0.18967589979001787,3.470441900208243,0.4349593495934959,0.40186915887850466,0.5650406504065041,0.35611510791366907,0.0,
noisy__ackley_10d,noisy,FMP,4,500,13.764543823484452,0.32113821138211385,0.0,0,0,96,3.756090700000641,0.1837931999907596,3.5722975000098813,0.491869918699187,0.32231404958677684,0.508130081300813,0.32,0.0,
noisy__ackley_10d,noisy,FMP,5,500,16.60538573864315,0.3516260162601626,0.0,0,0,96,3.744634100003168,0.17824060004204512,3.566393499961123,0.3800813008130081,0.3582887700534759,0.6199186991869918,0.3475409836065574,0.0,
noisy__ackley_10d,noisy,FMP,6,500,16.770914530627117,0.3150406504065041,0.0,0,0,96,3.886319099998218,0.20398119973833673,3.6823379002598813,0.3434959349593496,0.33136094674556216,0.6565040650406504,0.3065015479876161,0.0,
noisy__ackley_10d,noisy,FMP,7,500,14.29417821708955,0.3231707317073171,0.0,0,0,96,3.8501587999926414,0.1826795999222668,3.6674792000703746,0.34146341463414637,0.30357142857142855,0.6585365853658537,0.3333333333333333,0.0,
noisy__ackley_10d,noisy,FMP,8,500,14.98721910792474,0.35365853658536583,0.0,0,0,96,3.4310175999999046,0.1698737000406254,3.2611438999592792,0.3719512195121951,0.37158469945355194,0.6280487804878049,0.343042071197411,0.0,
noisy__ackley_10d,noisy,FMP,9,500,15.775794267777012,0.3231707317073171,0.0,0,0,96,3.3945925000007264,0.16593869996722788,3.2286538000334986,0.3699186991869919,0.3076923076923077,0.6300813008130082,0.33225806451612905,0.0,
noisy__ackley_10d,noisy,FMP,10,500,14.201036706540727,0.3231707317073171,0.0,0,0,96,3.3146373000054155,0.16135650014621206,3.1532807998592034,0.33739837398373984,0.29518072289156627,0.6626016260162602,0.3374233128834356,0.0,
noisy__ackley_10d,noisy,FMP,11,500,14.924010976088848,0.33739837398373984,0.0,0,0,96,3.4314061000040965,0.16876099992077798,3.2626451000833185,0.4329268292682927,0.3474178403755869,0.5670731707317073,0.32974910394265233,0.0,
noisy__ackley_10d,noisy,FMP,12,500,12.153354151187004,0.32926829268292684,0.0,0,0,96,3.2626041999901645,0.1582248002086999,3.1043793997814646,0.43902439024390244,0.3333333333333333,0.5609756097560976,0.32608695652173914,0.0,
noisy__ackley_10d,noisy,FMP,13,500,15.589866123706281,0.28252032520325204,0.0,0,0,96,3.326799500006018,0.15954929987492505,3.167250200131093,0.35772357723577236,0.25,0.6422764227642277,0.30063291139240506,0.0,
noisy__ackley_10d,noisy,FMP,14,500,13.765377589234443,0.35365853658536583,0.0,0,0,96,3.557643000007374,0.16598720007459633,3.391655799932778,0.34146341463414637,0.3392857142857143,0.6585365853658537,0.3611111111111111,0.0,
noisy__ackley_10d,noisy,FMP,15,500,14.82324171508941,0.32926829268292684,0.0,0,0,96,3.3475643999991007,0.15851780006778426,3.1890465999313165,0.3516260162601626,0.36416184971098264,0.6483739837398373,0.3103448275862069,0.0,
noisy__ackley_10d,noisy,FMP,16,500,16.022051042082367,0.3475609756097561,0.0,0,0,96,3.3198502999875927,0.15984930006379727,3.1600009999237955,0.3617886178861789,0.33146067415730335,0.6382113821138211,0.35668789808917195,0.0,
noisy__ackley_10d,noisy,FMP,17,500,15.35664968202919,0.3353658536585366,0.0,0,0,96,3.157781999994768,0.152913399899262,3.004868600095506,0.3556910569105691,0.37714285714285717,0.6443089430894309,0.31230283911671924,0.0,
noisy__ackley_10d,noisy,FMP,18,500,14.40933761331639,0.3516260162601626,0.0,0,0,96,3.3139881000097375,0.1573997997911647,3.156588300218573,0.40447154471544716,0.36683417085427134,0.5955284552845529,0.3412969283276451,0.0,
noisy__ackley_10d,noisy,FMP,19,500,15.685376588183956,0.3150406504065041,0.0,0,0,96,3.3744404000026407,0.16335749995778315,3.2110829000448575,0.3699186991869919,0.31868131868131866,0.6300813008130082,0.31290322580645163,0.0,
noisy__levy_10d,noisy,FMP,0,500,0.003760009740201742,0.4369918699186992,0.0,0,0,96,3.6195262000110233,0.21733419991505798,3.4021920000959653,0.6646341463414634,0.44648318042813456,0.3353658536585366,0.41818181818181815,0.0,
noisy__levy_10d,noisy,FMP,1,500,1.2562661381549973,0.491869918699187,0.0,0,0,96,3.719366399993305,0.20452319984906353,3.5148432001442416,0.5894308943089431,0.49310344827586206,0.4105691056910569,0.4900990099009901,0.0,
noisy__levy_10d,noisy,FMP,2,500,-3.6362122257524785,0.43089430894308944,0.0,0,0,96,3.5906111000076635,0.20445250019838568,3.386158599809278,0.5386178861788617,0.4867924528301887,0.4613821138211382,0.3656387665198238,0.0,
noisy__levy_10d,noisy,FMP,3,500,-0.10264493120330309,0.49796747967479676,0.0,0,0,96,3.6422454999992624,0.21706019979319535,3.425185300206067,0.6402439024390244,0.5174603174603175,0.3597560975609756,0.4632768361581921,0.0,
noisy__levy_10d,noisy,FMP,4,500,1.7929781192254701,0.5101626016260162,0.0,0,0,96,3.3974593999882927,0.18510080011037644,3.2123585998779163,0.7134146341463414,0.5299145299145299,0.2865853658536585,0.46099290780141844,0.0,
noisy__levy_10d,noisy,FMP,5,500,1.8699698338988409,0.4796747967479675,0.0,0,0,96,3.3541843999992125,0.18283419973158743,3.171350200267625,0.5589430894308943,0.5236363636363637,0.4410569105691057,0.423963133640553,0.0,
noisy__levy_10d,noisy,FMP,6,500,-0.7405092872270898,0.5447154471544715,0.0,0,0,96,3.257384999989881,0.18074030004208907,3.076644699947792,0.7317073170731707,0.5416666666666666,0.2682926829268293,0.553030303030303,0.0,
noisy__levy_10d,noisy,FMP,7,500,-0.36918314240741235,0.43902439024390244,0.0,0,0,96,3.4172354000038467,0.18316290008078795,3.234072499923059,0.5833333333333334,0.4738675958188153,0.4166666666666667,0.3902439024390244,0.0,
noisy__levy_10d,noisy,FMP,8,500,-1.4880244226636075,0.43902439024390244,0.0,0,0,96,3.28584189999674,0.17494720016838983,3.11089469982835,0.573170731707317,0.5,0.4268292682926829,0.35714285714285715,0.0,
noisy__levy_10d,noisy,FMP,9,500,-2.19968884056021,0.5060975609756098,0.0,0,0,96,3.2990550999966217,0.17522149982687552,3.123833600169746,0.6077235772357723,0.5585284280936454,0.39227642276422764,0.42487046632124353,0.0,
noisy__levy_10d,noisy,FMP,10,500,0.47987827361288105,0.46747967479674796,0.0,0,0,96,3.2911516000021948,0.17528520000632852,3.1158663999958662,0.6239837398373984,0.501628664495114,0.37601626016260165,0.41081081081081083,0.0,
noisy__levy_10d,noisy,FMP,11,500,2.674195667710828,0.491869918699187,0.0,0,0,96,3.302216199997929,0.17594040016410872,3.12627579983382,0.709349593495935,0.5272206303724928,0.29065040650406504,0.40559440559440557,0.0,
noisy__levy_10d,noisy,FMP,12,500,0.8546583403635286,0.4349593495934959,0.0,0,0,96,3.2673722000035923,0.175429399983841,3.0919428000197513,0.5894308943089431,0.45517241379310347,0.4105691056910569,0.40594059405940597,0.0,
noisy__levy_10d,noisy,FMP,13,500,3.498842074195924,0.4451219512195122,0.0,0,0,96,3.3944582999974955,0.18154840014176443,3.212909899855731,0.524390243902439,0.4844961240310077,0.47560975609756095,0.4017094017094017,0.0,
noisy__levy_10d,noisy,FMP,14,500,3.042022363211027,0.45528455284552843,0.0,0,0,96,3.361207599999034,0.17856539982312825,3.1826422001759056,0.540650406504065,0.4924812030075188,0.45934959349593496,0.41150442477876104,0.0,
noisy__levy_10d,noisy,FMP,15,500,3.2850618708309227,0.43902439024390244,0.0,0,0,96,3.436912499993923,0.18425479996949434,3.2526577000244288,0.5691056910569106,0.4928571428571429,0.43089430894308944,0.36792452830188677,0.0,
noisy__levy_10d,noisy,FMP,16,500,0.946214368794499,0.5,0.0,0,0,96,3.5725044999999227,0.1954777999635553,3.3770267000363674,0.6727642276422764,0.5468277945619335,0.32723577235772355,0.40372670807453415,0.0,
noisy__levy_10d,noisy,FMP,17,500,-1.351420873885075,0.4878048780487805,0.0,0,0,96,3.4789806000044337,0.1953643002489116,3.283616299755522,0.7682926829268293,0.49206349206349204,0.23170731707317074,0.47368421052631576,0.0,
noisy__levy_10d,noisy,FMP,18,500,-1.6471262276821523,0.4247967479674797,0.0,0,0,96,3.4155134000029648,0.18206880017532967,3.233444599827635,0.6361788617886179,0.4472843450479233,0.3638211382113821,0.3854748603351955,0.0,
noisy__levy_10d,noisy,FMP,19,500,0.40270607503723443,0.5101626016260162,0.0,0,0,96,3.4162327999947593,0.1858716999704484,3.230361100024311,0.7378048780487805,0.5454545454545454,0.2621951219512195,0.4108527131782946,0.0,
noisy__rastrigin_10d,noisy,FMP,0,500,61.86351641644653,0.3394308943089431,0.0,0,0,96,3.503212199997506,0.16821589999017306,3.334996300007333,0.36585365853658536,0.35,0.6341463414634146,0.3333333333333333,0.0,
noisy__rastrigin_10d,noisy,FMP,1,500,51.73274347723577,0.3617886178861789,0.0,0,0,96,3.3472344000037992,0.15789409987337422,3.189340300130425,0.3313008130081301,0.3496932515337423,0.6686991869918699,0.3677811550151976,0.0,
noisy__rastrigin_10d,noisy,FMP,2,500,55.24697156065575,0.3556910569105691,0.0,0,0,96,3.403774999998859,0.15950170009455178,3.2442732999043074,0.3719512195121951,0.3770491803278688,0.6280487804878049,0.343042071197411,0.0,
noisy__rastrigin_10d,noisy,FMP,3,500,50.792593964047164,0.3353658536585366,0.0,0,0,96,3.476630200006184,0.1615162999223685,3.3151139000838157,0.3780487804878049,0.34946236559139787,0.6219512195121951,0.32679738562091504,0.0,
noisy__rastrigin_10d,noisy,FMP,4,500,50.4084861345527,0.3333333333333333,0.0,0,0,96,3.495214599999599,0.16237570000521373,3.3328388999943854,0.3434959349593496,0.3609467455621302,0.6565040650406504,0.3188854489164087,0.0,
noisy__rastrigin_10d,noisy,FMP,5,500,27.789424181297118,0.34146341463414637,0.0,0,0,96,3.392972900008317,0.1580785002443008,3.2348943997640163,0.35365853658536583,0.39080459770114945,0.6463414634146342,0.31446540880503143,0.0,
noisy__rastrigin_10d,noisy,FMP,6,500,62.24696239690575,0.3434959349593496,0.0,0,0,96,3.2788580999913393,0.15617560017562937,3.12268249981571,0.34959349593495936,0.3430232558139535,0.6504065040650406,0.34375,0.0,
noisy__rastrigin_10d,noisy,FMP,7,500,61.741886756238415,0.35365853658536583,0.0,0,0,96,3.4008795999980066,0.16012209981272463,3.240757500185282,0.3353658536585366,0.38181818181818183,0.6646341463414634,0.3394495412844037,0.0,
noisy__rastrigin_10d,noisy,FMP,8,500,41.82769079203466,0.30691056910569103,0.0,0,0,96,3.4215333000029204,0.16109060010057874,3.2604426999023417,0.31910569105691056,0.3184713375796178,0.6808943089430894,0.30149253731343284,0.0,
noisy__rastrigin_10d,noisy,FMP,9,500,60.495625900522896,0.39634146341463417,0.0,0,0,96,3.2129790000035428,0.15315320013905875,3.059825799864484,0.42073170731707316,0.41545893719806765,0.5792682926829268,0.3824561403508772,0.0,
noisy__rastrigin_10d,noisy,FMP,10,500,60.55098837450575,0.3252032520325203,0.0,0,0,96,3.25803330000781,0.15488700006972067,3.103146299938089,0.34552845528455284,0.2823529411764706,0.6544715447154471,0.34782608695652173,0.0,
noisy__rastrigin_10d,noisy,FMP,11,500,56.66253035225042,0.3394308943089431,0.0,0,0,96,3.321446300004027,0.1567951000033645,3.1646512000006624,0.3353658536585366,0.38181818181818183,0.6646341463414634,0.3180428134556575,0.0,
noisy__rastrigin_10d,noisy,FMP,12,500,40.26554870828501,0.2967479674796748,0.0,0,0,96,3.3564199000102235,0.15701439979602583,3.1994055002141977,0.3617886178861789,0.29213483146067415,0.6382113821138211,0.29936305732484075,0.0,
noisy__rastrigin_10d,noisy,FMP,13,500,73.4969930140502,0.3638211382113821,0.0,0,0,96,3.4763872000039555,0.16207550006220117,3.3143116999417543,0.3943089430894309,0.38144329896907214,0.6056910569105691,0.3523489932885906,0.0,
noisy__rastrigin_10d,noisy,FMP,14,500,52.97550907427198,0.33739837398373984,0.0,0,0,96,3.5872261000040453,0.16421339982480276,3.4230127001792425,0.3475609756097561,0.3508771929824561,0.6524390243902439,0.3302180685358255,0.0,
noisy__rastrigin_10d,noisy,FMP,15,500,59.3435051098277,0.3678861788617886,0.0,0,0,96,3.4985860000015236,0.16355800001474563,3.335027999986778,0.3719512195121951,0.3770491803278688,0.6280487804878049,0.36245954692556637,0.0,
noisy__rastrigin_10d,noisy,FMP,16,500,50.54761612811444,0.34552845528455284,0.0,0,0,96,3.579824099986581,0.1749373002385255,3.4048867997480556,0.3516260162601626,0.35260115606936415,0.6483739837398373,0.34169278996865204,0.0,
noisy__rastrigin_10d,noisy,FMP,17,500,29.773518754473695,0.3943089430894309,0.0,0,0,96,3.506360899991705,0.17346400002134033,3.3328968999703648,0.3882113821138211,0.4031413612565445,0.6117886178861789,0.38870431893687707,0.0,
noisy__rastrigin_10d,noisy,FMP,18,500,54.423053459572465,0.33739837398373984,0.0,0,0,96,3.5641596999921603,0.17663499973423313,3.387524700257927,0.3150406504065041,0.34838709677419355,0.6849593495934959,0.3323442136498516,0.0,
noisy__rastrigin_10d,noisy,FMP,19,500,42.92913270482159,0.3638211382113821,0.0,0,0,96,3.6662200999999186,0.17810199994710274,3.488118100052816,0.37398373983739835,0.42391304347826086,0.6260162601626016,0.32792207792207795,0.0,
noisy__schwefel_10d,noisy,FMP,0,500,1445.0074662324948,0.33739837398373984,0.0,0,0,96,3.5274647000042023,0.1585566999274306,3.3689080000767717,0.37601626016260165,0.3567567567567568,0.6239837398373984,0.3257328990228013,0.0,
noisy__schwefel_10d,noisy,FMP,1,500,2296.6770764596663,0.34959349593495936,0.0,0,0,96,3.394506000011461,0.15447450004285201,3.240031499968609,0.3719512195121951,0.366120218579235,0.6280487804878049,0.33980582524271846,0.0,
noisy__schwefel_10d,noisy,FMP,2,500,2173.9338534054023,0.3516260162601626,0.0,0,0,96,3.3217648999998346,0.15110269997967407,3.1706622000201605,0.3719512195121951,0.3825136612021858,0.6280487804878049,0.3333333333333333,0.0,
noisy__schwefel_10d,noisy,FMP,3,500,1168.4749365697755,0.3556910569105691,0.0,0,0,96,3.470352400006959,0.15633220002928283,3.3140201999776764,0.34959349593495936,0.3953488372093023,0.6504065040650406,0.334375,0.0,
noisy__schwefel_10d,noisy,FMP,4,500,1780.7040884681091,0.36585365853658536,0.0,0,0,96,3.4192567999998573,0.15700770022522192,3.2622490997746354,0.37601626016260165,0.35135135135135137,0.6239837398373984,0.3745928338762215,0.0,
noisy__schwefel_10d,noisy,FMP,5,500,1677.828159123504,0.3699186991869919,0.0,0,0,96,3.4036052000010386,0.15316029959649313,3.2504449004045455,0.39227642276422764,0.43005181347150256,0.6077235772357723,0.3311036789297659,0.0,
noisy__schwefel_10d,noisy,FMP,6,500,867.7611412863154,0.3821138211382114,0.0,0,0,96,3.2892098000011174,0.15284359989163931,3.136366200109478,0.42073170731707316,0.40096618357487923,0.5792682926829268,0.3684210526315789,0.0,
noisy__schwefel_10d,noisy,FMP,7,500,1142.7547335025,0.32113821138211385,0.0,0,0,96,3.4388307000044733,0.15793159991153516,3.280899100092938,0.32926829268292684,0.3395061728395062,0.6707317073170732,0.31212121212121213,0.0,
noisy__schwefel_10d,noisy,FMP,8,500,665.8117100038028,0.3150406504065041,0.0,0,0,96,3.707177699994645,0.16664800002763513,3.54052969996701,0.31097560975609756,0.35947712418300654,0.6890243902439024,0.2949852507374631,0.0,
noisy__schwefel_10d,noisy,FMP,9,500,932.3907111063414,0.3638211382113821,0.0,0,0,96,3.5779244000004837,0.16176919999998063,3.416155200000503,0.39227642276422764,0.36787564766839376,0.6077235772357723,0.3612040133779264,0.0,
noisy__schwefel_10d,noisy,FMP,10,500,1068.8418173363593,0.37398373983739835,0.0,0,0,96,3.6694756999931997,0.1703982002218254,3.4990774997713743,0.3800813008130081,0.35294117647058826,0.6199186991869918,0.38688524590163936,0.0,
noisy__schwefel_10d,noisy,FMP,11,500,1426.8473958961254,0.3882113821138211,0.0,0,0,96,3.6273054000048432,0.1650003000977449,3.4623050999070983,0.3882113821138211,0.4293193717277487,0.6117886178861789,0.36212624584717606,0.0,
noisy__schwefel_10d,noisy,FMP,12,500,2242.4199220579603,0.36585365853658536,0.0,0,0,96,3.5682634000113467,0.16417010001896415,3.4040932999923825,0.4105691056910569,0.35148514851485146,0.5894308943089431,0.3758620689655172,0.0,
noisy__schwefel_10d,noisy,FMP,13,500,1719.1948674229377,0.3800813008130081,0.0,0,0,96,3.5097638000006555,0.16852759971516207,3.3412362002854934,0.3902439024390244,0.3802083333333333,0.6097560975609756,0.38,0.0,
noisy__schwefel_10d,noisy,FMP,14,500,1099.0314873054,0.3719512195121951,0.0,0,0,96,3.591017600003397,0.17327819993079174,3.4177394000726053,0.3678861788617886,0.4143646408839779,0.6321138211382114,0.34726688102893893,0.0,
noisy__schwefel_10d,noisy,FMP,15,500,1387.6211850569705,0.3252032520325203,0.0,0,0,96,3.4639663999987533,0.1585798000160139,3.3053865999827394,0.3333333333333333,0.3475609756097561,0.6666666666666666,0.31402439024390244,0.0,
noisy__schwefel_10d,noisy,FMP,16,500,1633.7135437428014,0.39227642276422764,0.0,0,0,96,3.3174566000088817,0.1506681000610115,3.16678849994787,0.4105691056910569,0.43564356435643564,0.5894308943089431,0.3620689655172414,0.0,
noisy__schwefel_10d,noisy,FMP,17,500,1358.4547810605147,0.37601626016260165,0.0,0,0,96,3.254684300001827,0.15069459988444578,3.1039897001173813,0.36585365853658536,0.4111111111111111,0.6341463414634146,0.3557692307692308,0.0,
noisy__schwefel_10d,noisy,FMP,18,500,882.1618425766496,0.31097560975609756,0.0,0,0,96,3.3835610000096494,0.1535652998718433,3.229995700137806,0.3617886178861789,0.29213483146067415,0.6382113821138211,0.321656050955414,0.0,
noisy__schwefel_10d,noisy,FMP,19,500,1666.8788986289242,0.38414634146341464,0.0,0,0,96,3.3367058000003453,0.15212589998554904,3.1845799000147963,0.4065040650406504,0.43,0.5934959349593496,0.3527397260273973,0.0,
noisy__sphere_10d,noisy,FMP,0,500,0.4032986302741428,0.4898373983739837,0.0,0,0,96,3.552477399993222,0.17292720013938379,3.3795501998538384,0.7398373983739838,0.5247252747252747,0.2601626016260163,0.390625,0.0,
noisy__sphere_10d,noisy,FMP,1,500,0.3388050731707878,0.5752032520325203,0.0,0,0,96,3.6325016999908257,0.18076799986010883,3.451733700130717,0.8678861788617886,0.5971896955503513,0.13211382113821138,0.4307692307692308,0.0,
noisy__sphere_10d,noisy,FMP,2,500,-0.029242172120787724,0.5691056910569106,0.0,0,0,96,3.5316281000123126,0.17133100019418634,3.3602970998181263,0.8252032520325203,0.5788177339901478,0.17479674796747968,0.5232558139534884,0.0,
noisy__sphere_10d,noisy,FMP,3,500,0.48326916923364877,0.5914634146341463,0.0,0,0,96,3.539520000005723,0.17564179973851424,3.3638782002672087,0.7296747967479674,0.6434540389972145,0.2703252032520325,0.45112781954887216,0.0,
noisy__sphere_10d,noisy,FMP,4,500,-0.3238594671663073,0.5894308943089431,0.0,0,0,96,3.4042697999975644,0.159535399870947,3.2447344001266174,0.7601626016260162,0.5989304812834224,0.23983739837398374,0.559322033898305,0.0,
noisy__sphere_10d,noisy,FMP,5,500,0.24904075216138444,0.5528455284552846,0.0,0,0,96,3.264137499994831,0.14931139988766517,3.114826100107166,0.782520325203252,0.5584415584415584,0.21747967479674796,0.5327102803738317,0.0,
noisy__sphere_10d,noisy,FMP,6,500,0.2510270355639985,0.5873983739837398,0.0,0,0,96,3.374423100001877,0.1521305998612661,3.222292500140611,0.8373983739837398,0.6140776699029126,0.16260162601626016,0.45,0.0,
noisy__sphere_10d,noisy,FMP,7,500,0.4027996046143732,0.5995934959349594,0.0,0,0,96,3.2154749000037555,0.14631299997563474,3.0691619000281207,0.7947154471544715,0.6240409207161125,0.20528455284552846,0.504950495049505,0.0,
noisy__sphere_10d,noisy,FMP,8,500,-0.07834619052634495,0.532520325203252,0.0,0,0,96,3.181467699992936,0.14326950001122896,3.038198199981707,0.75,0.5772357723577236,0.25,0.3983739837398374,0.0,
noisy__sphere_10d,noisy,FMP,9,500,0.7100282120566002,0.6199186991869918,0.0,0,0,96,3.1488881000113906,0.14254029993026052,3.00634780008113,0.8089430894308943,0.6507537688442211,0.1910569105691057,0.48936170212765956,0.0,
noisy__sphere_10d,noisy,FMP,10,500,0.8792505387216918,0.5182926829268293,0.0,0,0,96,3.331479300002684,0.14785549984662794,3.183623800156056,0.7378048780487805,0.5647382920110193,0.2621951219512195,0.3875968992248062,0.0,
noisy__sphere_10d,noisy,FMP,11,500,-0.18750777936057472,0.5833333333333334,0.0,0,0,96,3.2145376999978907,0.1425469999521738,3.071990700045717,0.8170731707317073,0.6094527363184079,0.18292682926829268,0.4666666666666667,0.0,
noisy__sphere_10d,noisy,FMP,12,500,0.1787654480636694,0.5467479674796748,0.0,0,0,96,3.2575653999956558,0.14549540006555617,3.1120699999300996,0.782520325203252,0.5948051948051948,0.21747967479674796,0.37383177570093457,0.0,
noisy__sphere_10d,noisy,FMP,13,500,1.6121098480614968,0.5995934959349594,0.0,0,0,96,3.349128700006986,0.1488705001247581,3.200258199882228,0.806910569105691,0.6246851385390428,0.19308943089430894,0.49473684210526314,0.0,
noisy__sphere_10d,noisy,FMP,14,500,0.3088698810054723,0.5711382113821138,0.0,0,0,96,3.2360419999895385,0.1496170000609709,3.0864249999285676,0.8211382113821138,0.5668316831683168,0.17886178861788618,0.5909090909090909,0.0,
noisy__sphere_10d,noisy,FMP,15,500,0.12196244103791881,0.5630081300813008,0.0,0,0,96,3.293168300006073,0.14955760007433128,3.1436106999317417,0.7865853658536586,0.6098191214470284,0.21341463414634146,0.3904761904761905,0.0,
noisy__sphere_10d,noisy,FMP,16,500,-0.3082875775854822,0.5589430894308943,0.0,0,0,96,3.4309480000083568,0.1537968000920955,3.2771511999162612,0.790650406504065,0.583547557840617,0.20934959349593496,0.46601941747572817,0.0,
noisy__sphere_10d,noisy,FMP,17,500,-0.2799688944129859,0.5813008130081301,0.0,0,0,96,3.3806382000038866,0.1470864998846082,3.2335517001192784,0.8191056910569106,0.598014888337469,0.18089430894308944,0.5056179775280899,0.0,
noisy__sphere_10d,noisy,FMP,18,500,0.1930480735763357,0.5284552845528455,0.0,0,0,96,3.4216469999955734,0.14972839994879905,3.2719186000467744,0.790650406504065,0.5526992287917738,0.20934959349593496,0.4368932038834951,0.0,
noisy__sphere_10d,noisy,FMP,19,500,0.9192697178905036,0.5792682926829268,0.0,0,0,96,3.583678200011491,0.1677907000266714,3.4158874999848194,0.7804878048780488,0.59375,0.21951219512195122,0.5277777777777778,0.0,
