task,suite,method,seed,budget,n_evals,best_value,best_true_value,best_raw,f_star,maximize_raw,time_total,time_objective,wall_time,cost_total,time_overhead,regret,best_metric,fmp_n_evals,fmp_best_loss,fmp_acceptance_rate,fmp_kernel_fraction_dream,fmp_n_rescues,fmp_n_reseeds,fmp_n_bw_refits,fmp_time_total,fmp_time_objective,fmp_time_overhead,fmp_frac_exploit,fmp_acc_exploit,fmp_frac_explore,fmp_acc_explore,fmp_frac_trapped,fmp_acc_trapped,fmp_params,nregret,log_regret
cont__rosenbrock_10d,cont,RS,0,500,500,89.03314290296234,89.03314290296234,89.03314290296234,0.0,False,0.37451169999985723,0.013888900080928579,0.3783999000006588,500.0,0.36062279991892865,89.03314290296234,89.03314290296234,,,,,,,,,,,,,,,,,,1.1126272206751209,1.9495517044030133
cont__rosenbrock_10d,cont,RS,1,500,500,66.69191539473732,66.69191539473732,66.69191539473732,0.0,False,0.4013660999989952,0.014258399882237427,0.4044528000013088,500.0,0.38710770011675777,66.69191539473732,66.69191539473732,,,,,,,,,,,,,,,,,,0.833433910650794,1.8240731905543568
cont__rosenbrock_10d,cont,RS,2,500,500,81.45044370673386,81.45044370673386,81.45044370673386,0.0,False,0.3587861000050907,0.012800700031220913,0.3657842000029632,500.0,0.3459853999738698,81.45044370673386,81.45044370673386,,,,,,,,,,,,,,,,,,1.0178679292828088,1.9108934544991834
cont__rosenbrock_10d,cont,RS,3,500,500,92.04300848837141,92.04300848837141,92.04300848837141,0.0,False,0.391365900002711,0.014139000028080773,0.3963598999980604,500.0,0.3772268999746302,92.04300848837141,92.04300848837141,,,,,,,,,,,,,,,,,,1.150240835916687,1.9639908054393014
cont__rosenbrock_10d,cont,RS,4,500,500,95.09144867055076,95.09144867055076,95.09144867055076,0.0,False,0.3485164000012446,0.012669499992625788,0.3525923999986844,500.0,0.33584690000861883,95.09144867055076,95.09144867055076,,,,,,,,,,,,,,,,,,1.1883365092435207,1.9781414637074104
cont__rosenbrock_10d,cont,RS,5,500,500,78.59083741335007,78.59083741335007,78.59083741335007,0.0,False,0.39854089999425923,0.014557099973899312,0.402253499996732,500.0,0.3839838000203599,78.59083741335007,78.59083741335007,,,,,,,,,,,,,,,,,,0.9821320707171911,1.8953719163603302
cont__rosenbrock_10d,cont,RS,6,500,500,102.60999203497128,102.60999203497128,102.60999203497128,0.0,False,0.3612779000031878,0.013602700048068073,0.3666142000001855,500.0,0.34767519995511975,102.60999203497128,102.60999203497128,,,,,,,,,,,,,,,,,,1.282294059593035,2.0111896538981924
cont__rosenbrock_10d,cont,RS,7,500,500,85.39609504371191,85.39609504371191,85.39609504371191,0.0,False,0.3856058000019402,0.014231300025130622,0.3886410999984946,500.0,0.3713744999768096,85.39609504371191,85.39609504371191,,,,,,,,,,,,,,,,,,1.0671758492065129,1.9314380119098284
cont__rosenbrock_10d,cont,RS,8,500,500,87.1531393800545,87.1531393800545,87.1531393800545,0.0,False,0.3775575000036042,0.013733500018133782,0.38180759999522706,500.0,0.36382399998547044,87.1531393800545,87.1531393800545,,,,,,,,,,,,,,,,,,1.0891332382507084,1.9402830356327971
cont__rosenbrock_10d,cont,RS,9,500,500,65.7821298722949,65.7821298722949,65.7821298722949,0.0,False,0.41007189999800175,0.014817400049651042,0.4145988000018406,500.0,0.3952544999483507,65.7821298722949,65.7821298722949,,,,,,,,,,,,,,,,,,0.822064525001353,1.8181079308190373
cont__rosenbrock_10d,cont,RS,10,500,500,77.69465748177174,77.69465748177174,77.69465748177174,0.0,False,0.38484750000498025,0.014270799969381187,0.38927910000347765,500.0,0.37057670003559906,77.69465748177174,77.69465748177174,,,,,,,,,,,,,,,,,,0.9709327110856484,1.8903911564333904
cont__rosenbrock_10d,cont,RS,11,500,500,76.58696121419739,76.58696121419739,76.58696121419739,0.0,False,0.4222710000030929,0.015472700040845666,0.42547299999569077,500.0,0.40679829996224726,76.58696121419739,76.58696121419739,,,,,,,,,,,,,,,,,,0.9570900792368916,1.8841548381087567
cont__rosenbrock_10d,cont,RS,12,500,500,86.85427458801429,86.85427458801429,86.85427458801429,0.0,False,0.4222687000001315,0.015090400105691515,0.4261437000022852,500.0,0.40717829989444,86.85427458801429,86.85427458801429,,,,,,,,,,,,,,,,,,1.0853983919666932,1.9387911973865026
cont__rosenbrock_10d,cont,RS,13,500,500,70.51872305624923,70.51872305624923,70.51872305624923,0.0,False,0.39589880000130506,0.014794799950323068,0.40108519999921555,500.0,0.381104000050982,70.51872305624923,70.51872305624923,,,,,,,,,,,,,,,,,,0.8812566678135605,1.8483044395512034
cont__rosenbrock_10d,cont,RS,14,500,500,77.30751214686649,77.30751214686649,77.30751214686649,0.0,False,0.46017749999737134,0.016770399997767527,0.46582349999516737,500.0,0.4434070999996038,77.30751214686649,77.30751214686649,,,,,,,,,,,,,,,,,,0.9660946426548568,1.8882216973518975
cont__rosenbrock_10d,cont,RS,15,500,500,62.85148639721261,62.85148639721261,62.85148639721261,0.0,False,0.4653952999942703,0.016855599904374685,0.4765834999998333,500.0,0.44853970008989563,62.85148639721261,62.85148639721261,,,,,,,,,,,,,,,,,,0.7854409307065368,1.798315552928492
cont__rosenbrock_10d,cont,RS,16,500,500,129.45137119101915,129.45137119101915,129.45137119101915,0.0,False,0.394410600005358,0.015014100004918873,0.40111199999955716,500.0,0.3793965000004391,129.45137119101915,129.45137119101915,,,,,,,,,,,,,,,,,,1.617724755575879,2.1121066549836356
cont__rosenbrock_10d,cont,RS,17,500,500,99.87002803443794,99.87002803443794,99.87002803443794,0.0,False,0.38731689999985974,0.013811700053338427,0.3912789000023622,500.0,0.3735051999465213,99.87002803443794,99.87002803443794,,,,,,,,,,,,,,,,,,1.248053343930712,1.9994351717868177
cont__rosenbrock_10d,cont,RS,18,500,500,59.25010385783804,59.25010385783804,59.25010385783804,0.0,False,0.344005200000538,0.012622100046428386,0.347861299997021,500.0,0.33138309995410964,59.25010385783804,59.25010385783804,,,,,,,,,,,,,,,,,,0.7404352607422687,1.7726891159453797
cont__rosenbrock_10d,cont,RS,19,500,500,56.308413888924456,56.308413888924456,56.308413888924456,0.0,False,0.4043369999999413,0.014711200121382717,0.40876200000639074,500.0,0.3896257998785586,56.308413888924456,56.308413888924456,,,,,,,,,,,,,,,,,,0.7036736208912813,1.7505732941854595
cont__rosenbrock_10d,cont,TPE,0,500,500,9.66867468453605,9.66867468453605,9.66867468453605,0.0,False,18.23029459999816,0.017857800012279768,18.2357445000016,500.0,18.21243679998588,9.66867468453605,9.66867468453605,,,,,,,,,,,,,,,,,,0.12082725927795271,0.9853669480603936
cont__rosenbrock_10d,cont,TPE,1,500,500,7.107418418955945,7.107418418955945,7.107418418955945,0.0,False,15.057834899998852,0.013842899919836782,15.061353500001132,500.0,15.043992000079015,7.107418418955945,7.107418418955945,,,,,,,,,,,,,,,,,,0.08881981410312541,0.851711883431046
cont__rosenbrock_10d,cont,TPE,2,500,500,9.17534527366046,9.17534527366046,9.17534527366046,0.0,False,16.7052549,0.017042699837475084,16.70954499999789,500.0,16.688212200162525,9.17534527366046,9.17534527366046,,,,,,,,,,,,,,,,,,0.11466223226213634,0.9626224159894698
cont__rosenbrock_10d,cont,TPE,3,500,500,10.492202902680617,10.492202902680617,10.492202902680617,0.0,False,15.383114600001136,0.013978199931443669,15.38739109999733,500.0,15.369136400069692,10.492202902680617,10.492202902680617,,,,,,,,,,,,,,,,,,0.13111870673926926,1.0208666805709026
cont__rosenbrock_10d,cont,TPE,4,500,500,10.647857344021988,10.647857344021988,10.647857344021988,0.0,False,3.485708699998213,0.018960899862577207,3.4906434000004083,500.0,3.4667478001356358,10.647857344021988,10.647857344021988,,,,,,,,,,,,,,,,,,0.13306388538632818,1.0272622239919147
cont__rosenbrock_10d,cont,TPE,5,500,500,10.648819267752723,10.648819267752723,10.648819267752723,0.0,False,3.4749946000010823,0.019203299896616954,3.4784714999987045,500.0,3.4557913001044653,10.648819267752723,10.648819267752723,,,,,,,,,,,,,,,,,,0.13307590633147437,1.0273014562323408
cont__rosenbrock_10d,cont,TPE,6,500,500,6.761010774145255,6.761010774145255,6.761010774145255,0.0,False,3.8645880999974906,0.021409700013464317,3.868756799995026,500.0,3.8431783999840263,6.761010774145255,6.761010774145255,,,,,,,,,,,,,,,,,,0.08449083544978947,0.8300116280154757
cont__rosenbrock_10d,cont,TPE,7,500,500,9.17806822201805,9.17806822201805,9.17806822201805,0.0,False,3.934593300000415,0.02188629994634539,3.939395400004287,500.0,3.91270700005407,9.17806822201805,9.17806822201805,,,,,,,,,,,,,,,,,,0.11469626033712466,0.9627512815495646
cont__rosenbrock_10d,cont,TPE,8,500,500,8.86346356970932,8.86346356970932,8.86346356970932,0.0,False,3.954226000001654,0.021641300001647323,3.9612575999999535,500.0,3.9325847000000067,8.86346356970932,8.86346356970932,,,,,,,,,,,,,,,,,,0.1107647165490857,0.9476034640174319
cont__rosenbrock_10d,cont,TPE,9,500,500,12.340855982470249,12.340855982470249,12.340855982470249,0.0,False,3.93105469999864,0.02155699997820193,3.9347427999964566,500.0,3.909497700020438,12.340855982470249,12.340855982470249,,,,,,,,,,,,,,,,,,0.15422090970654653,1.0913452841357174
cont__rosenbrock_10d,cont,TPE,10,500,500,15.8707629921427,15.8707629921427,15.8707629921427,0.0,False,3.3730106000002706,0.019008799899893347,3.3774292999951285,500.0,3.3540018001003773,15.8707629921427,15.8707629921427,,,,,,,,,,,,,,,,,,0.19833336600491686,1.2005978061066074
cont__rosenbrock_10d,cont,TPE,11,500,500,30.969461791885248,30.969461791885248,30.969461791885248,0.0,False,3.0129041000036523,0.017224700131919235,3.0162268999993103,500.0,2.995679399871733,30.969461791885248,30.969461791885248,,,,,,,,,,,,,,,,,,0.38701841893714783,1.4909336579610826
cont__rosenbrock_10d,cont,TPE,12,500,500,19.917805170875248,19.917805170875248,19.917805170875248,0.0,False,3.7881181000047945,0.012403699969581794,3.7913163999983226,500.0,3.7757144000352127,19.917805170875248,19.917805170875248,,,,,,,,,,,,,,,,,,0.24890834454056013,1.299241479936376
cont__rosenbrock_10d,cont,TPE,13,500,500,9.296943093864003,9.296943093864003,9.296943093864003,0.0,False,3.111053600005107,0.01631780005118344,3.11420519999956,500.0,3.0947357999539236,9.296943093864003,9.296943093864003,,,,,,,,,,,,,,,,,,0.11618181295222473,0.9683401726717504
cont__rosenbrock_10d,cont,TPE,14,500,500,7.69409241011118,7.69409241011118,7.69409241011118,0.0,False,3.300170000002254,0.017013800083077513,3.3036830999990343,500.0,3.2831561999191763,7.69409241011118,7.69409241011118,,,,,,,,,,,,,,,,,,0.09615134740564922,0.8861573981081479
cont__rosenbrock_10d,cont,TPE,15,500,500,10.953334686459591,10.953334686459591,10.953334686459591,0.0,False,3.100609199995233,0.017291499905695673,3.1044923000008566,500.0,3.0833177000895375,10.953334686459591,10.953334686459591,,,,,,,,,,,,,,,,,,0.13688136722975824,1.0395463580302324
cont__rosenbrock_10d,cont,TPE,16,500,500,10.396098008505314,10.396098008505314,10.396098008505314,0.0,False,3.436883000002126,0.020373699910123833,3.44185170000128,500.0,3.4165093000920024,10.396098008505314,10.396098008505314,,,,,,,,,,,,,,,,,,0.1299177054288237,1.0168703651299402
cont__rosenbrock_10d,cont,TPE,17,500,500,9.818442089870006,9.818442089870006,9.818442089870006,0.0,False,4.547174999999697,0.02528949992847629,4.552590899998904,500.0,4.521885500071221,9.818442089870006,9.818442089870006,,,,,,,,,,,,,,,,,,0.12269886895622792,0.9920425829552276
cont__rosenbrock_10d,cont,TPE,18,500,500,9.676035335909884,9.676035335909884,9.676035335909884,0.0,False,4.808847799999057,0.028091999964090064,4.812806800000544,500.0,4.780755800034967,9.676035335909884,9.676035335909884,,,,,,,,,,,,,,,,,,0.12091924368750402,0.9856974456926416
cont__rosenbrock_10d,cont,TPE,19,500,500,9.896284619904652,9.896284619904652,9.896284619904652,0.0,False,4.756233899999643,0.027342099994712044,4.761013900002581,500.0,4.728891800004931,9.896284619904652,9.896284619904652,,,,,,,,,,,,,,,,,,0.12367164959744557,0.9954721772311022
cont__sphere_10d,cont,CMAES,0,500,500,0.003761876427738348,0.003761876427738348,0.003761876427738348,0.0,False,35.803551599994535,0.009250799950677902,36.40632280000136,500.0,35.79430080004386,0.003761876427738348,0.003761876427738348,,,,,,,,,,,,,,,,,,0.00016581847083414652,-2.424595474388636
cont__sphere_10d,cont,CMAES,1,500,500,0.00560945406531295,0.00560945406531295,0.00560945406531295,0.0,False,22.799923300000955,0.00736459997278871,23.112201899995853,500.0,22.792558700028167,0.00560945406531295,0.00560945406531295,,,,,,,,,,,,,,,,,,0.0002472572167618461,-2.2510794038998
cont__sphere_10d,cont,CMAES,2,500,500,0.005843680972394848,0.005843680972394848,0.005843680972394848,0.0,False,12.200494699995033,0.008067100061452948,12.413626800000202,500.0,12.19242759993358,0.005843680972394848,0.005843680972394848,,,,,,,,,,,,,,,,,,0.0002575816248881073,-2.233313501717229
cont__sphere_10d,cont,CMAES,3,500,500,0.0023980763944560037,0.0023980763944560037,0.0023980763944560037,0.0,False,0.49354529999982333,0.008436800111667253,0.49651369999628514,500.0,0.4851084998881561,0.0023980763944560037,0.0023980763944560037,,,,,,,,,,,,,,,,,,0.00010570399328912135,-2.6201369857090206
cont__sphere_10d,cont,CMAES,4,500,500,0.007959152874468746,0.007959152874468746,0.007959152874468746,0.0,False,0.4092665999996825,0.00711149993003346,0.4118492999987211,500.0,0.40215510006964905,0.007959152874468746,0.007959152874468746,,,,,,,,,,,,,,,,,,0.0003508287909321524,-2.0991331535044577
cont__sphere_10d,cont,CMAES,5,500,500,0.005816463587472576,0.005816463587472576,0.005816463587472576,0.0,False,0.5112280000030296,0.008847599856380839,0.514486100000795,500.0,0.5023804001466488,0.005816463587472576,0.005816463587472576,,,,,,,,,,,,,,,,,,0.00025638191904061116,-2.2353409862804043
cont__sphere_10d,cont,CMAES,6,500,500,0.004011908356342457,0.004011908356342457,0.004011908356342457,0.0,False,0.5113772000040626,0.0087289998846245,0.5144335000004503,500.0,0.5026482001194381,0.004011908356342457,0.004011908356342457,,,,,,,,,,,,,,,,,,0.00017683954312539446,-2.3966489959793966
cont__sphere_10d,cont,CMAES,7,500,500,0.002300971238835543,0.002300971238835543,0.002300971238835543,0.0,False,0.5395495999982813,0.009394300024723634,0.5429061000031652,500.0,0.5301552999735577,0.002300971238835543,0.002300971238835543,,,,,,,,,,,,,,,,,,0.00010142372818089793,-2.6380888096054904
cont__sphere_10d,cont,CMAES,8,500,500,0.01626400566809126,0.01626400566809126,0.01626400566809126,0.0,False,0.5298507000043173,0.009052099892869592,0.5333639999953448,500.0,0.5207986001114477,0.01626400566809126,0.01626400566809126,,,,,,,,,,,,,,,,,,0.0007168955709537096,-1.7887724829893843
cont__sphere_10d,cont,CMAES,9,500,500,0.006341710656265179,0.006341710656265179,0.006341710656265179,0.0,False,0.48445640000136336,0.008463000020128675,0.4871419999981299,500.0,0.4759933999812347,0.006341710656265179,0.006341710656265179,,,,,,,,,,,,,,,,,,0.00027953410583630273,-2.197793576692359
cont__sphere_10d,cont,CMAES,10,500,500,0.010756362806707786,0.010756362806707786,0.010756362806707786,0.0,False,0.5411217000000761,0.008632599921838846,0.5450325999991037,500.0,0.5324891000782372,0.010756362806707786,0.010756362806707786,,,,,,,,,,,,,,,,,,0.0004741260556019597,-1.9683345576268556
cont__sphere_10d,cont,CMAES,11,500,500,0.023570852159741883,0.023570852159741883,0.023570852159741883,0.0,False,0.4730866999962018,0.00811210012761876,0.4757328999985475,500.0,0.464974599868583,0.023570852159741883,0.023570852159741883,,,,,,,,,,,,,,,,,,0.001038971570827469,-1.627624716074833
cont__sphere_10d,cont,CMAES,12,500,500,0.0014618981038978902,0.0014618981038978902,0.0014618981038978902,0.0,False,0.4831830999974045,0.008245900011388585,0.48673219999909634,500.0,0.4749371999860159,0.0014618981038978902,0.0014618981038978902,,,,,,,,,,,,,,,,,,6.44385090154128e-05,-2.8350828968875663
cont__sphere_10d,cont,CMAES,13,500,500,0.001768295386006194,0.001768295386006194,0.001768295386006194,0.0,False,0.4692353999998886,0.008081100095296279,0.4729377999974531,500.0,0.46115429990459234,0.001768295386006194,0.001768295386006194,,,,,,,,,,,,,,,,,,7.794409054177954e-05,-2.7524451860246066
cont__sphere_10d,cont,CMAES,14,500,500,0.006865519032742743,0.006865519032742743,0.006865519032742743,0.0,False,0.45875830000295537,0.00785169999289792,0.46211380000022473,500.0,0.45090660001005745,0.006865519032742743,0.006865519032742743,,,,,,,,,,,,,,,,,,0.00030262287700304875,-2.163326624491386
cont__sphere_10d,cont,CMAES,15,500,500,0.003559484576272549,0.003559484576272549,0.003559484576272549,0.0,False,0.4319150000010268,0.007538700068835169,0.4350775000057183,500.0,0.4243762999321916,0.003559484576272549,0.003559484576272549,,,,,,,,,,,,,,,,,,0.0001568973092904307,-2.4486128844575425
cont__sphere_10d,cont,CMAES,16,500,500,0.00470161773307958,0.00470161773307958,0.00470161773307958,0.0,False,0.5744274999960908,0.010168899934797082,0.5799523000023328,500.0,0.5642586000612937,0.00470161773307958,0.00470161773307958,,,,,,,,,,,,,,,,,,0.00020724100802393166,-2.3277526841708105
cont__sphere_10d,cont,CMAES,17,500,500,0.01725021418788973,0.01725021418788973,0.01725021418788973,0.0,False,0.8682047999973292,0.015478299952519592,0.8740641000040341,500.0,0.8527265000448097,0.01725021418788973,0.01725021418788973,,,,,,,,,,,,,,,,,,0.000760366320676051,-1.76320550809938
cont__sphere_10d,cont,CMAES,18,500,500,0.0012392568364814778,0.0012392568364814778,0.0012392568364814778,0.0,False,1.0021236000029603,0.022907900005520787,1.0064841999992495,500.0,0.9792156999974395,0.0012392568364814778,0.0012392568364814778,,,,,,,,,,,,,,,,,,5.462478035719607e-05,-2.906838676237793
cont__sphere_10d,cont,CMAES,19,500,500,0.006333007956173476,0.006333007956173476,0.006333007956173476,0.0,False,0.9601524999961839,0.019775700122409035,0.965375400002813,500.0,0.9403767998737749,0.006333007956173476,0.006333007956173476,,,,,,,,,,,,,,,,,,0.00027915050248062263,-2.198389966298536
cont__sphere_10d,cont,FMP,0,500,500,19.374758035441584,19.374758035441584,19.374758035441584,0.0,False,2.192964200003189,0.009593400012818165,2.309937499994703,500.0,2.183370799990371,19.374758035441584,19.374758035441584,500.0,19.374758035441584,0.6033057851239669,0.0,0.0,0.0,94.0,2.1909053000053973,0.01912810002977494,2.1717771999756224,0.5826446280991735,0.6879432624113475,0.41735537190082644,0.48514851485148514,0.0,,"{""decoder"": ""viterbi"", ""explore_subsample"": true, ""n_chains"": 1, ""orchestrate_every"": 0, ""p_dream"": 0.0, ""seed"": 0}",0.854013365917497,1.2872362874607592
cont__sphere_10d,cont,FMP,1,500,500,9.386016296107702,9.386016296107702,9.386016296107702,0.0,False,4.127106599997205,0.008197200011636596,5.862799599999562,500.0,4.118909399985569,9.386016296107702,9.386016296107702,500.0,9.386016296107702,0.6012396694214877,0.0,0.0,0.0,94.0,4.126592400003574,0.01647099992260337,4.1101214000809705,0.5433884297520661,0.6996197718631179,0.45661157024793386,0.4841628959276018,0.0,,"{""decoder"": ""viterbi"", ""explore_subsample"": true, ""n_chains"": 1, ""orchestrate_every"": 0, ""p_dream"": 0.0, ""seed"": 1}",0.4137230181111123,0.9724813039041705
cont__sphere_10d,cont,FMP,2,500,500,6.0519707826694775,6.0519707826694775,6.0519707826694775,0.0,False,3.0473343999983626,0.008024299975659233,5.379701400001068,500.0,3.0393101000227034,6.0519707826694775,6.0519707826694775,500.0,6.0519707826694775,0.6570247933884298,0.0,0.0,0.0,94.0,3.046799600000668,0.01579230005154386,3.031007299949124,0.6714876033057852,0.7107692307692308,0.3285123966942149,0.5471698113207547,0.0,,"{""decoder"": ""viterbi"", ""explore_subsample"": true, ""n_chains"": 1, ""orchestrate_every"": 0, ""p_dream"": 0.0, ""seed"": 2}",0.2667627605509919,0.7818968226962223
cont__sphere_10d,cont,FMP,3,500,500,13.916875465268884,13.916875465268884,13.916875465268884,0.0,False,1.3948917999950936,0.0059041000858996995,1.4049250000025495,500.0,1.388987699909194,13.916875465268884,13.916875465268884,500.0,13.916875465268884,0.6714876033057852,0.0,0.0,0.0,94.0,1.3946326000004774,0.01186069984396454,1.3827719001565129,0.6342975206611571,0.762214983713355,0.365702479338843,0.5141242937853108,0.0,,"{""decoder"": ""viterbi"", ""explore_subsample"": true, ""n_chains"": 1, ""orchestrate_every"": 0, ""p_dream"": 0.0, ""seed"": 3}",0.6134372175078381,1.143541740985057
cont__sphere_10d,cont,FMP,4,500,500,25.32427231502149,25.32427231502149,25.32427231502149,0.0,False,1.736290700006066,0.007105599986971356,1.870456100004958,500.0,1.7291851000190945,25.32427231502149,25.32427231502149,500.0,25.32427231502149,0.6198347107438017,0.0,0.0,0.0,94.0,1.7360540000008768,0.014662400011729915,1.721391599989147,0.6342975206611571,0.6775244299674267,0.365702479338843,0.519774011299435,0.0,,"{""decoder"": ""viterbi"", ""explore_subsample"": true, ""n_chains"": 1, ""orchestrate_every"": 0, ""p_dream"": 0.0, ""seed"": 4}",1.1162599811363199,1.4035369748966513
cont__sphere_10d,cont,FMP,5,500,500,9.69253994120358,9.69253994120358,9.69253994120358,0.0,False,1.7940105000016047,0.006715700073982589,1.8017699999982142,500.0,1.787294799927622,9.69253994120358,9.69253994120358,500.0,9.69253994120358,0.5950413223140496,0.0,0.0,0.0,94.0,1.7937271999981022,0.014164899926981889,1.7795623000711203,0.5413223140495868,0.7022900763358778,0.45867768595041325,0.46846846846846846,0.0,,"{""decoder"": ""viterbi"", ""explore_subsample"": true, ""n_chains"": 1, ""orchestrate_every"": 0, ""p_dream"": 0.0, ""seed"": 5}",0.4272341695486051,0.9864375993319698
cont__sphere_10d,cont,FMP,6,500,500,6.352948653661855,6.352948653661855,6.352948653661855,0.0,False,2.8467374999963795,0.5309442999132443,2.8662260999990394,500.0,2.315793200083135,6.352948653661855,6.352948653661855,500.0,6.352948653661855,0.6818181818181818,0.0,0.0,0.0,94.0,2.846441699999559,0.5382905999867944,2.308151100012765,0.5392561983471075,0.7279693486590039,0.4607438016528926,0.6278026905829597,0.0,,"{""decoder"": ""viterbi"", ""explore_subsample"": true, ""n_chains"": 1, ""orchestrate_every"": 0, ""p_dream"": 0.0, ""seed"": 6}",0.28002946169908827,0.8029753452579751
cont__sphere_10d,cont,FMP,7,500,500,17.1963321772883,17.1963321772883,17.1963321772883,0.0,False,1.8344112999984645,0.10429909993399633,1.8437374999994063,500.0,1.7301122000644682,17.1963321772883,17.1963321772883,500.0,17.1963321772883,0.7128099173553719,0.0,0.0,0.0,94.0,1.8341877999991993,0.11137830004736315,1.7228094999518362,0.5950413223140496,0.7534722222222222,0.4049586776859504,0.6530612244897959,0.0,,"{""decoder"": ""viterbi"", ""explore_subsample"": true, ""n_chains"": 1, ""orchestrate_every"": 0, ""p_dream"": 0.0, ""seed"": 7}",0.7579912738676235,1.2354358256849323
cont__sphere_10d,cont,FMP,8,500,500,5.853686149134053,5.853686149134053,5.853686149134053,0.0,False,2.0699523000002955,0.00864480005839141,2.082422699997551,500.0,2.061307499941904,5.853686149134053,5.853686149134053,500.0,5.853686149134053,0.5971074380165289,0.0,0.0,0.0,94.0,2.0696549999993294,0.01788009990559658,2.051774900093733,0.5433884297520661,0.7338403041825095,0.45661157024793386,0.4343891402714932,0.0,,"{""decoder"": ""viterbi"", ""explore_subsample"": true, ""n_chains"": 1, ""orchestrate_every"": 0, ""p_dream"": 0.0, ""seed"": 8}",0.2580226396686799,0.767429433616607
cont__sphere_10d,cont,FMP,9,500,500,13.710675033505495,13.710675033505495,13.710675033505495,0.0,False,2.4046832000021823,0.010575399915978778,2.4146403999984614,500.0,2.3941078000862035,13.710675033505495,13.710675033505495,500.0,13.710675033505495,0.6962809917355371,0.0,0.0,0.0,94.0,2.404413199998089,0.021647699970344547,2.3827655000277446,0.5888429752066116,0.775438596491228,0.41115702479338845,0.5829145728643216,0.0,,"{""decoder"": ""viterbi"", ""explore_subsample"": true, ""n_chains"": 1, ""orchestrate_every"": 0, ""p_dream"": 0.0, ""seed"": 9}",0.6043481788493029,1.1370588374379464
cont__sphere_10d,cont,FMP,10,500,500,14.973393760465756,14.973393760465756,14.973393760465756,0.0,False,2.5068892999988748,0.011305100088065956,2.5140874999997322,500.0,2.495584199910809,14.973393760465756,14.973393760465756,500.0,14.973393760465756,0.6838842975206612,0.0,0.0,0.0,94.0,2.506605700000364,0.022696600055496674,2.483909099944867,0.6487603305785123,0.732484076433121,0.3512396694214876,0.5941176470588235,0.0,,"{""decoder"": ""viterbi"", ""explore_subsample"": true, ""n_chains"": 1, ""orchestrate_every"": 0, ""p_dream"": 0.0, ""seed"": 10}",0.6600071278924728,1.175320245526769
cont__sphere_10d,cont,FMP,11,500,500,11.243619996369317,11.243619996369317,11.243619996369317,0.0,False,2.1640677000032156,0.0099200999684399,2.174989499995718,500.0,2.1541476000347757,11.243619996369317,11.243619996369317,500.0,11.243619996369317,0.6900826446280992,0.0,0.0,0.0,94.0,2.1637877999964985,0.02047450008103624,2.1433132999154623,0.6033057851239669,0.7397260273972602,0.39669421487603307,0.6145833333333334,0.0,,"{""decoder"": ""viterbi"", ""explore_subsample"": true, ""n_chains"": 1, ""orchestrate_every"": 0, ""p_dream"": 0.0, ""seed"": 11}",0.49560369944397015,1.0509061592167723
cont__sphere_10d,cont,FMP,12,500,500,10.607352503076497,10.607352503076497,10.607352503076497,0.0,False,2.181793199997628,0.00931799996033078,2.1954772000026423,500.0,2.1724752000372973,10.607352503076497,10.607352503076497,500.0,10.607352503076497,0.640495867768595,0.0,0.0,0.0,94.0,2.1815422999934526,0.019388899963814765,2.162153400029638,0.5475206611570248,0.7283018867924528,0.4524793388429752,0.5342465753424658,0.0,,"{""decoder"": ""viterbi"", ""explore_subsample"": true, ""n_chains"": 1, ""orchestrate_every"": 0, ""p_dream"": 0.0, ""seed"": 12}",0.46755788113868335,1.025607001546841
cont__sphere_10d,cont,FMP,13,500,500,10.567375440762074,10.567375440762074,10.567375440762074,0.0,False,2.505767200003902,0.009892699970805552,2.515584000000672,500.0,2.4958745000330964,10.567375440762074,10.567375440762074,500.0,10.567375440762074,0.6880165289256198,0.0,0.0,0.0,94.0,2.505486699999892,0.01944919982634019,2.486037500173552,0.5743801652892562,0.7050359712230215,0.4256198347107438,0.6650485436893204,0.0,,"{""decoder"": ""viterbi"", ""explore_subsample"": true, ""n_chains"": 1, ""orchestrate_every"": 0, ""p_dream"": 0.0, ""seed"": 13}",0.4657957458137322,1.0239671374371264
cont__sphere_10d,cont,FMP,14,500,500,16.33383144529556,16.33383144529556,16.33383144529556,0.0,False,2.029313799997908,0.007793700031470507,2.037643099996785,500.0,2.0215200999664376,16.33383144529556,16.33383144529556,500.0,16.33383144529556,0.390495867768595,0.0,0.0,0.0,94.0,2.029086099995766,0.016237699986959342,2.0128484000088065,0.29132231404958675,0.8439716312056738,0.24173553719008264,0.5982905982905983,0.4669421487603306,0.0,"{""decoder"": ""viterbi"", ""explore_subsample"": true, ""n_chains"": 1, ""orchestrate_every"": 0, ""p_dream"": 0.0, ""seed"": 14}",0.719973397624317,1.2130880696340616
cont__sphere_10d,cont,FMP,15,500,500,20.403618524832403,20.403618524832403,20.403618524832403,0.0,False,2.0307943999941926,0.00791829988884274,2.040555100000347,500.0,2.02287610010535,20.403618524832403,20.403618524832403,500.0,20.403618524832403,0.6033057851239669,0.0,0.0,0.0,94.0,2.030547399997886,0.016087299925857224,2.0144601000720286,0.5516528925619835,0.6966292134831461,0.44834710743801653,0.48847926267281105,0.0,,"{""decoder"": ""viterbi"", ""explore_subsample"": true, ""n_chains"": 1, ""orchestrate_every"": 0, ""p_dream"": 0.0, ""seed"": 15}",0.8993641572923814,1.309707195171413
cont__sphere_10d,cont,FMP,16,500,500,10.785954222939111,10.785954222939111,10.785954222939111,0.0,False,2.156449900001462,0.007663000120373908,2.165562999995018,500.0,2.148786899881088,10.785954222939111,10.785954222939111,500.0,10.785954222939111,0.6735537190082644,0.0,0.0,0.0,94.0,2.1562293999959365,0.015320400030759629,2.140908999965177,0.5723140495867769,0.7256317689530686,0.42768595041322316,0.6038647342995169,0.0,,"{""decoder"": ""viterbi"", ""explore_subsample"": true, ""n_chains"": 1, ""orchestrate_every"": 0, ""p_dream"": 0.0, ""seed"": 16}",0.47543040556760835,1.0328585727510777
cont__sphere_10d,cont,FMP,17,500,500,13.842034952556277,13.842034952556277,13.842034952556277,0.0,False,1.8897180999992997,0.007340400050452445,1.8999241000055918,500.0,1.8823776999488473,13.842034952556277,13.842034952556277,500.0,13.842034952556277,0.6880165289256198,0.0,0.0,0.0,94.0,1.8894628999987617,0.01514899993344443,1.8743139000653173,0.5537190082644629,0.7238805970149254,0.4462809917355372,0.6435185185185185,0.0,,"{""decoder"": ""viterbi"", ""explore_subsample"": true, ""n_chains"": 1, ""orchestrate_every"": 0, ""p_dream"": 0.0, ""seed"": 17}",0.6101383480173511,1.1411999415442104
cont__sphere_10d,cont,FMP,18,500,500,5.938582063237049,5.938582063237049,5.938582063237049,0.0,False,1.9641008000035072,0.007617600058438256,1.9735889000003226,500.0,1.956483199945069,5.938582063237049,5.938582063237049,500.0,5.938582063237049,0.6301652892561983,0.0,0.0,0.0,94.0,1.9638073999958578,0.01536879993363982,1.948438600062218,0.6322314049586777,0.7091503267973857,0.3677685950413223,0.4943820224719101,0.0,,"{""decoder"": ""viterbi"", ""explore_subsample"": true, ""n_chains"": 1, ""orchestrate_every"": 0, ""p_dream"": 0.0, ""seed"": 18}",0.2617647377750468,0.7736827622165252
cont__sphere_10d,cont,FMP,19,500,500,10.228512999634091,10.228512999634091,10.228512999634091,0.0,False,1.7864251999999397,0.006995600066147745,1.796511399996234,500.0,1.779429599933792,10.228512999634091,10.228512999634091,500.0,10.228512999634091,0.6528925619834711,0.0,0.0,0.0,94.0,1.7861897999973735,0.01435219994164072,1.7718376000557328,0.6053719008264463,0.7406143344709898,0.39462809917355374,0.518324607329843,0.0,,"{""decoder"": ""viterbi"", ""explore_subsample"": true, ""n_chains"": 1, ""orchestrate_every"": 0, ""p_dream"": 0.0, ""seed"": 19}",0.45085914359132756,1.009812501454775
cont__sphere_10d,cont,FMP_DREAM,0,500,500,4.6821181845650255,4.6821181845650255,4.6821181845650255,0.0,False,1.4413232000006246,0.006447299994761124,1.4470193999950425,500.0,1.4348759000058635,4.6821181845650255,4.6821181845650255,500.0,4.6821181845650255,0.5128205128205128,0.49786324786324787,16.0,0.0,41.0,1.4411045000015292,0.01300209997134516,1.428102400030184,0.37606837606837606,0.5454545454545454,0.6239316239316239,0.4931506849315068,0.0,,"{""decoder"": ""soft"", ""explore_subsample"": false, ""n_chains"": 4, ""orchestrate_every"": 5, ""p_dream"": 0.5, ""seed"": 0}",0.2063814940609535,0.6704423718247399
cont__sphere_10d,cont,FMP_DREAM,1,500,500,2.974900271565339,2.974900271565339,2.974900271565339,0.0,False,1.14536660000158,0.005875699927855749,1.1504162999990513,500.0,1.1394909000737243,2.974900271565339,2.974900271565339,500.0,2.974900271565339,0.5477707006369427,0.4989384288747346,13.0,0.0,47.0,1.1451721000048565,0.011949100000492763,1.1332230000043637,0.3842887473460722,0.6077348066298343,0.613588110403397,0.5086505190311419,0.0021231422505307855,1.0,"{""decoder"": ""soft"", ""explore_subsample"": false, ""n_chains"": 4, ""orchestrate_every"": 5, ""p_dream"": 0.5, ""seed"": 1}",0.1311296166662288,0.47347241133031903
cont__sphere_10d,cont,FMP_DREAM,2,500,500,3.7348006862812126,3.7348006862812126,3.7348006862812126,0.0,False,0.6085778000051505,0.005234799915342592,0.6136799000014435,500.0,0.6033430000898079,3.7348006862812126,3.7348006862812126,500.0,3.7348006862812126,0.5341880341880342,0.5064102564102564,16.0,0.0,39.0,0.6083752999984426,0.010518399976717774,0.5978569000217249,0.41239316239316237,0.616580310880829,0.5854700854700855,0.4744525547445255,0.002136752136752137,1.0,"{""decoder"": ""soft"", ""explore_subsample"": false, ""n_chains"": 4, ""orchestrate_every"": 5, ""p_dream"": 0.5, ""seed"": 2}",0.16462500844074673,0.572267429937899
cont__sphere_10d,cont,FMP_DREAM,3,500,500,1.5749365397493524,1.5749365397493524,1.5749365397493524,0.0,False,0.5609722000008333,0.005180499945709016,0.572636800003238,500.0,0.5557917000551242,1.5749365397493524,1.5749365397493524,500.0,1.5749365397493524,0.5493562231759657,0.51931330472103,18.0,0.0,30.0,0.560811499999545,0.010789099971589167,0.5500224000279559,0.40987124463519314,0.6282722513089005,0.5901287553648069,0.49454545454545457,0.0,,"{""decoder"": ""soft"", ""explore_subsample"": false, ""n_chains"": 4, ""orchestrate_every"": 5, ""p_dream"": 0.5, ""seed"": 3}",0.06942109176059938,0.19726305908340178
cont__sphere_10d,cont,FMP_DREAM,4,500,500,4.11675112202459,4.11675112202459,4.11675112202459,0.0,False,0.7420440000059898,0.005302999779814854,0.7472452000001795,500.0,0.736741000226175,4.11675112202459,4.11675112202459,500.0,4.11675112202459,0.5853131749460043,0.5334773218142549,21.0,0.0,28.0,0.7418189000018174,0.011118999937025364,0.730699900064792,0.4535637149028078,0.6047619047619047,0.5442764578833693,0.5674603174603174,0.0021598272138228943,1.0,"{""decoder"": ""soft"", ""explore_subsample"": false, ""n_chains"": 4, ""orchestrate_every"": 5, ""p_dream"": 0.5, ""seed"": 4}",0.1814608717142992,0.6145546125408272
cont__sphere_10d,cont,FMP_DREAM,5,500,500,6.109578497988871,6.109578497988871,6.109578497988871,0.0,False,1.150357400001667,0.010258900023472961,1.1647062999982154,500.0,1.140098499978194,6.109578497988871,6.109578497988871,500.0,6.109578497988871,0.5680851063829787,0.5361702127659574,14.0,0.0,44.0,1.1500267999945208,0.020411099976627156,1.1296157000178937,0.4021276595744681,0.6613756613756614,0.597872340425532,0.505338078291815,0.0,,"{""decoder"": ""soft"", ""explore_subsample"": false, ""n_chains"": 4, ""orchestrate_every"": 5, ""p_dream"": 0.5, ""seed"": 5}",0.2693020314297681,0.7860112491441067
cont__sphere_10d,cont,FMP_DREAM,6,500,500,7.454367633930875,7.454367633930875,7.454367633930875,0.0,False,1.1428113000001758,0.010212399945885409,1.1554015000001527,500.0,1.1325989000542904,7.454367633930875,7.454367633930875,500.0,7.454367633930875,0.5543710021321961,0.5159914712153518,15.0,0.0,41.0,1.1425226999999722,0.021170800020627212,1.121351899979345,0.39658848614072495,0.5913978494623656,0.603411513859275,0.5300353356890459,0.0,,"{""decoder"": ""soft"", ""explore_subsample"": false, ""n_chains"": 4, ""orchestrate_every"": 5, ""p_dream"": 0.5, ""seed"": 6}",0.3285785341006278,0.8724108074479825
cont__sphere_10d,cont,FMP_DREAM,7,500,500,4.3463051253323295,4.3463051253323295,4.3463051253323295,0.0,False,1.0784194999941974,0.009686400058853906,1.0902862000002642,500.0,1.0687330999353435,4.3463051253323295,4.3463051253323295,500.0,4.3463051253323295,0.582441113490364,0.5010706638115632,17.0,0.0,35.0,1.0781445000029635,0.01990399997885106,1.0582405000241124,0.4475374732334047,0.6267942583732058,0.5524625267665952,0.5465116279069767,0.0,,"{""decoder"": ""soft"", ""explore_subsample"": false, ""n_chains"": 4, ""orchestrate_every"": 5, ""p_dream"": 0.5, ""seed"": 7}",0.1915793045053599,0.6381202119976145
cont__sphere_10d,cont,FMP_DREAM,8,500,500,6.868965023499992,6.868965023499992,6.868965023499992,0.0,False,1.0857888000027742,0.010246599988022354,1.0966504000025452,500.0,1.0755422000147519,6.868965023499992,6.868965023499992,500.0,6.868965023499992,0.5310492505353319,0.5182012847965739,17.0,0.0,37.0,1.0853687999988324,0.021688400011043996,1.0636803999877884,0.3811563169164882,0.5786516853932584,0.6188436830835118,0.5017301038062284,0.0,,"{""decoder"": ""soft"", ""explore_subsample"": false, ""n_chains"": 4, ""orchestrate_every"": 5, ""p_dream"": 0.5, ""seed"": 8}",0.30277477165691413,0.8368913049716894
cont__sphere_10d,cont,FMP_DREAM,9,500,500,7.0661018654959715,7.0661018654959715,7.0661018654959715,0.0,False,1.0267856999998912,0.009539599930576514,1.0368302999995649,500.0,1.0172461000693147,7.0661018654959715,7.0661018654959715,500.0,7.0661018654959715,0.5191489361702127,0.5085106382978724,14.0,0.0,44.0,1.0262575999950059,0.019782299954385962,1.00647530004062,0.3617021276595745,0.6,0.6382978723404256,0.47333333333333333,0.0,,"{""decoder"": ""soft"", ""explore_subsample"": false, ""n_chains"": 4, ""orchestrate_every"": 5, ""p_dream"": 0.5, ""seed"": 9}",0.31146429942656995,0.849179893968392
cont__sphere_10d,cont,FMP_DREAM,10,500,500,5.979887294944558,5.979887294944558,5.979887294944558,0.0,False,1.1108963999940897,0.009706199969514273,1.125870900003065,500.0,1.1011902000245755,5.979887294944558,5.979887294944558,500.0,5.979887294944558,0.5470085470085471,0.5149572649572649,16.0,0.0,39.0,1.1105403999972623,0.020422299981873948,1.0901181000153883,0.3803418803418803,0.5955056179775281,0.6196581196581197,0.5172413793103449,0.0,,"{""decoder"": ""soft"", ""explore_subsample"": false, ""n_chains"": 4, ""orchestrate_every"": 5, ""p_dream"": 0.5, ""seed"": 10}",0.2635854170266794,0.7766929987635804
cont__sphere_10d,cont,FMP_DREAM,11,500,500,2.7525822455804807,2.7525822455804807,2.7525822455804807,0.0,False,1.1705511000036495,0.010381000131019391,1.185767199996917,500.0,1.16017009987263,2.7525822455804807,2.7525822455804807,500.0,2.7525822455804807,0.5148936170212766,0.48936170212765956,14.0,0.0,43.0,1.1703406000015093,0.021827700118592475,1.1485128998829168,0.39787234042553193,0.5828877005347594,0.6021276595744681,0.46996466431095407,0.0,,"{""decoder"": ""soft"", ""explore_subsample"": false, ""n_chains"": 4, ""orchestrate_every"": 5, ""p_dream"": 0.5, ""seed"": 11}",0.12133013605706953,0.43974030430811784
cont__sphere_10d,cont,FMP_DREAM,12,500,500,8.791437707010939,8.791437707010939,8.791437707010939,0.0,False,1.0320055999982287,0.009715699998196214,1.0401001999998698,500.0,1.0222899000000325,8.791437707010939,8.791437707010939,500.0,8.791437707010939,0.5460385438972163,0.5096359743040685,17.0,0.0,36.0,1.031791900000826,0.020286799954192247,1.0115051000466337,0.4089935760171306,0.581151832460733,0.5910064239828694,0.5217391304347826,0.0,,"{""decoder"": ""soft"", ""explore_subsample"": false, ""n_chains"": 4, ""orchestrate_every"": 5, ""p_dream"": 0.5, ""seed"": 12}",0.3875147908265113,0.9440599031925954
cont__sphere_10d,cont,FMP_DREAM,13,500,500,5.203241157171489,5.203241157171489,5.203241157171489,0.0,False,1.2726926999966963,0.010032000136561692,1.2838994999983697,500.0,1.2626606998601346,5.203241157171489,5.203241157171489,500.0,5.203241157171489,0.5572033898305084,0.4597457627118644,12.0,0.0,50.0,1.2723026000021491,0.019974599956185557,1.2523280000459636,0.3622881355932203,0.631578947368421,0.6334745762711864,0.5150501672240803,0.00423728813559322,0.5,"{""decoder"": ""soft"", ""explore_subsample"": false, ""n_chains"": 4, ""orchestrate_every"": 5, ""p_dream"": 0.5, ""seed"": 13}",0.2293518962243493,0.7162739548220763
cont__sphere_10d,cont,FMP_DREAM,14,500,500,1.721743446495576,1.721743446495576,1.721743446495576,0.0,False,1.414374299994961,0.009775699974852614,3.1819433999989997,500.0,1.4045986000201083,1.721743446495576,1.721743446495576,500.0,1.721743446495576,0.5460385438972163,0.47751605995717344,17.0,0.0,38.0,1.4138167000055546,0.02107399993838044,1.3927427000671742,0.4025695931477516,0.6117021276595744,0.5931477516059958,0.5018050541516246,0.004282655246252677,0.5,"{""decoder"": ""soft"", ""explore_subsample"": false, ""n_chains"": 4, ""orchestrate_every"": 5, ""p_dream"": 0.5, ""seed"": 14}",0.0758921434424286,0.2359684385975112
cont__sphere_10d,cont,FMP_DREAM,15,500,500,2.535470386394961,2.535470386394961,2.535470386394961,0.0,False,0.9530196999985492,0.009016400101245381,0.9621111000014935,500.0,0.9440032998973038,2.535470386394961,2.535470386394961,500.0,2.535470386394961,0.5118279569892473,0.45806451612903226,19.0,0.0,27.0,0.9527826000048663,0.01862630004325183,0.9341562999616144,0.43010752688172044,0.585,0.5698924731182796,0.45660377358490567,0.0,,"{""decoder"": ""soft"", ""explore_subsample"": false, ""n_chains"": 4, ""orchestrate_every"": 5, ""p_dream"": 0.5, ""seed"": 15}",0.11176013630252007,0.4040585424721666
cont__sphere_10d,cont,FMP_DREAM,16,500,500,3.5615448299672927,3.5615448299672927,3.5615448299672927,0.0,False,1.2596626000013202,0.009608699991076719,1.2704004000042914,500.0,1.2500539000102435,3.5615448299672927,3.5615448299672927,500.0,3.5615448299672927,0.5330490405117271,0.4669509594882729,15.0,0.0,42.0,1.259401399998751,0.019851699871651363,1.2395497001270996,0.4072494669509595,0.5549738219895288,0.5927505330490405,0.5179856115107914,0.0,,"{""decoder"": ""soft"", ""explore_subsample"": false, ""n_chains"": 4, ""orchestrate_every"": 5, ""p_dream"": 0.5, ""seed"": 16}",0.15698812251190541,0.5516384152776174
cont__sphere_10d,cont,FMP_DREAM,17,500,500,2.2660945542624864,2.2660945542624864,2.2660945542624864,0.0,False,1.2288139000011142,0.010045999959402252,1.2374004000012064,500.0,1.218767900041712,2.2660945542624864,2.2660945542624864,500.0,2.2660945542624864,0.5106382978723404,0.48936170212765956,14.0,0.0,42.0,1.2285601000039605,0.020657200046116486,1.207902899957844,0.39787234042553193,0.6042780748663101,0.6021276595744681,0.44876325088339225,0.0,,"{""decoder"": ""soft"", ""explore_subsample"": false, ""n_chains"": 4, ""orchestrate_every"": 5, ""p_dream"": 0.5, ""seed"": 17}",0.09988641067067179,0.35527802712408696
cont__sphere_10d,cont,FMP_DREAM,18,500,500,4.658997875708867,4.658997875708867,4.658997875708867,0.0,False,0.9371325000029174,0.008760599877859931,0.9460678999967058,500.0,0.9283719001250574,4.658997875708867,4.658997875708867,500.0,4.658997875708867,0.5280172413793104,0.5129310344827587,20.0,0.0,29.0,0.9368790000007721,0.018325000040931627,0.9185539999598404,0.40948275862068967,0.5947368421052631,0.5905172413793104,0.48175182481751827,0.0,,"{""decoder"": ""soft"", ""explore_subsample"": false, ""n_chains"": 4, ""orchestrate_every"": 5, ""p_dream"": 0.5, ""seed"": 18}",0.20536238183507785,0.6682925124298279
cont__sphere_10d,cont,FMP_DREAM,19,500,500,3.190277662679205,3.190277662679205,3.190277662679205,0.0,False,1.0856111000030069,0.008944399931351654,1.0928416999959154,500.0,1.0766667000716552,3.190277662679205,3.190277662679205,500.0,3.190277662679205,0.5738758029978587,0.4582441113490364,17.0,0.0,35.0,1.085338500000944,0.018116100000042934,1.067222400000901,0.4282655246252677,0.655,0.569593147751606,0.5150375939849624,0.0021413276231263384,0.0,"{""decoder"": ""soft"", ""explore_subsample"": false, ""n_chains"": 4, ""orchestrate_every"": 5, ""p_dream"": 0.5, ""seed"": 19}",0.1406231633929139,0.5038284830954538
cont__sphere_10d,cont,GP,0,500,500,0.0010479835645492098,0.0010479835645492098,0.0010479835645492098,0.0,False,463.3662916999965,0.032913799994275905,468.1252813999963,500.0,463.33337790000223,0.0010479835645492098,0.0010479835645492098,,,,,,,,,,,,,,,,,,4.619371089691592e-05,-2.9796455278935663
cont__sphere_10d,cont,GP,1,500,500,0.0009497760400754973,0.0009497760400754973,0.0009497760400754973,0.0,False,474.7033104000002,0.03985169999214122,479.8982382999966,500.0,474.66345870000805,0.0009497760400754973,0.0009497760400754973,,,,,,,,,,,,,,,,,,4.1864854847163005e-05,-3.0223787900708494
cont__sphere_10d,cont,GP,2,500,500,0.0008897901933639138,0.0008897901933639138,0.0008897901933639138,0.0,False,483.37281720000465,0.03903670004365267,488.80414349999774,500.0,483.333780499961,0.0008897901933639138,0.0008897901933639138,,,,,,,,,,,,,,,,,,3.922075912406497e-05,-3.0507123845591013
cont__sphere_10d,cont,GP,3,500,500,0.000487136306936177,0.000487136306936177,0.000487136306936177,0.0,False,496.1559044000023,0.038558900079806335,496.54925199999707,500.0,496.1173454999225,0.000487136306936177,0.000487136306936177,,,,,,,,,,,,,,,,,,2.1472315493497806e-05,-3.312349499767827
cont__sphere_10d,cont,GP,4,500,500,0.0016906610488363332,0.0016906610488363332,0.0016906610488363332,0.0,False,493.8333016999968,0.038622399857558776,496.33162959999754,500.0,493.79467930013925,0.0016906610488363332,0.0016906610488363332,,,,,,,,,,,,,,,,,,7.452207301382254e-05,-2.771943452686565
cont__sphere_10d,cont,GP,5,500,500,0.0012142007569358555,0.0012142007569358555,0.0012142007569358555,0.0,False,486.07744049999746,0.03867349998472491,492.00759890000336,500.0,486.03876700001274,0.0012142007569358555,0.0012142007569358555,,,,,,,,,,,,,,,,,,5.3520341953871986e-05,-2.915709500365016
cont__sphere_10d,cont,GP,6,500,500,0.0006476356345148424,0.0006476356345148424,0.0006476356345148424,0.0,False,478.6791083999997,0.03912060002767248,485.5379122000013,500.0,478.639987799972,0.0006476356345148424,0.0006476356345148424,,,,,,,,,,,,,,,,,,2.8546910733459832e-05,-3.1886692626338218
cont__sphere_10d,cont,GP,7,500,500,0.0012608844413935147,0.0012608844413935147,0.0012608844413935147,0.0,False,460.51262329999736,0.03249950010649627,465.9968421999947,500.0,460.48012379989086,0.0012608844413935147,0.0012608844413935147,,,,,,,,,,,,,,,,,,5.557809619390873e-05,-2.8993247138476117
cont__sphere_10d,cont,GP,8,500,500,0.0014820696016707652,0.0014820696016707652,0.0014820696016707652,0.0,False,498.4796999999962,0.03995430005306844,499.2394478999995,500.0,498.43974569994316,0.0014820696016707652,0.0014820696016707652,,,,,,,,,,,,,,,,,,6.532764160107388e-05,-2.8291314000368355
cont__sphere_10d,cont,GP,9,500,500,0.0009418486212365015,0.0009418486212365015,0.0009418486212365015,0.0,False,472.1426777000015,0.03809230005572317,478.5685270000031,500.0,472.1045853999458,0.0009418486212365015,0.0009418486212365015,,,,,,,,,,,,,,,,,,4.1515424849980884e-05,-3.026018893184077
cont__sphere_10d,cont,GP,10,500,500,0.0010672268162439478,0.0010672268162439478,0.0010672268162439478,0.0,False,917.2095698999983,0.03264240004500607,926.9142065999986,500.0,917.1769274999533,0.0010672268162439478,0.0010672268162439478,,,,,,,,,,,,,,,,,,4.704192763959516e-05,-2.9717432703514977
cont__sphere_10d,cont,GP,11,500,500,0.0007359068887667208,0.0007359068887667208,0.0007359068887667208,0.0,False,1176.6305973999988,0.03607329997612396,1186.0440723000065,500.0,1176.5945241000227,0.0007359068887667208,0.0007359068887667208,,,,,,,,,,,,,,,,,,3.243778930956937e-05,-3.133177131068161
cont__sphere_10d,cont,GP,12,500,500,0.0007046280285681461,0.0007046280285681461,0.0007046280285681461,0.0,False,971.9460900999984,0.03364920010062633,981.792992499999,500.0,971.9124408998978,0.0007046280285681461,0.0007046280285681461,,,,,,,,,,,,,,,,,,3.105905907555132e-05,-3.152040084906331
cont__sphere_10d,cont,GP,13,500,500,0.0011785353691665175,0.0011785353691665175,0.0011785353691665175,0.0,False,754.6633994000003,0.03527359983854694,764.5307677000019,500.0,754.6281258001618,0.0011785353691665175,0.0011785353691665175,,,,,,,,,,,,,,,,,,5.194825946386473e-05,-2.928657378911713
cont__sphere_10d,cont,GP,14,500,500,0.0009182668281784666,0.0009182668281784666,0.0009182668281784666,0.0,False,675.095092800002,0.03349409998918418,684.9419388000024,500.0,675.0615987000128,0.0009182668281784666,0.0009182668281784666,,,,,,,,,,,,,,,,,,4.0475971019020915e-05,-3.0370311035463846
cont__sphere_10d,cont,GP,15,500,500,0.0019131682452051928,0.0019131682452051928,0.0019131682452051928,0.0,False,1177.7844973000028,0.03640379990247311,1187.1932222000032,500.0,1177.7480935001004,0.0019131682452051928,0.0019131682452051928,,,,,,,,,,,,,,,,,,8.432989199996061e-05,-2.7182468359394774
cont__sphere_10d,cont,GP,16,500,500,0.0010533791064482408,0.0010533791064482408,0.0010533791064482408,0.0,False,998.9656821999961,0.04105810004693922,1008.6999694000042,500.0,998.9246240999491,0.0010533791064482408,0.0010533791064482408,,,,,,,,,,,,,,,,,,4.643153915209781e-05,-2.9774152996200063
cont__sphere_10d,cont,GP,17,500,500,0.0008172460550730648,0.0008172460550730648,0.0008172460550730648,0.0,False,1085.8575052000015,0.03384000008372823,1095.275124300002,500.0,1085.8236651999177,0.0008172460550730648,0.0008172460550730648,,,,,,,,,,,,,,,,,,3.6023110740223344e-05,-3.0876471665932197
cont__sphere_10d,cont,GP,18,500,500,0.0007693536977157017,0.0007693536977157017,0.0007693536977157017,0.0,False,738.3064316000018,0.03521069999987958,748.1701227000012,500.0,738.2712209000019,0.0007693536977157017,0.0007693536977157017,,,,,,,,,,,,,,,,,,3.391207981877044e-05,-3.1138739539758444
cont__sphere_10d,cont,GP,19,500,500,0.0006996486132838749,0.0006996486132838749,0.0006996486132838749,0.0,False,1173.9304161999971,0.03440150007372722,1183.3521429999964,500.0,1173.8960146999234,0.0006996486132838749,0.0006996486132838749,,,,,,,,,,,,,,,,,,3.083957312380717e-05,-3.15512002168949
cont__sphere_10d,cont,RS,0,500,500,19.308868380512962,19.308868380512962,19.308868380512962,0.0,False,0.39801700000680285,0.008786100035649724,9.703034999998636,500.0,0.3892308999711531,19.308868380512962,19.308868380512962,,,,,,,,,,,,,,,,,,0.8511090382411565,1.2857568221740447
cont__sphere_10d,cont,RS,1,500,500,23.53884744157951,23.53884744157951,23.53884744157951,0.0,False,0.382539900005213,0.008336799961398356,9.68803850000404,500.0,0.37420310004381463,23.53884744157951,23.53884744157951,,,,,,,,,,,,,,,,,,1.0375608457472851,1.371785194190681
cont__sphere_10d,cont,RS,2,500,500,24.781715471860362,24.781715471860362,24.781715471860362,0.0,False,0.5036878000028082,0.010687699978007004,9.808000800003356,500.0,0.4930001000248012,24.781715471860362,24.781715471860362,,,,,,,,,,,,,,,,,,1.0923448026870195,1.3941313663732282
cont__sphere_10d,cont,RS,3,500,500,31.877815648887506,31.877815648887506,31.877815648887506,0.0,False,0.3885509999963688,0.008485700040182564,9.69247290000203,500.0,0.3800652999561862,31.877815648887506,31.877815648887506,,,,,,,,,,,,,,,,,,1.4051313874786873,1.5034885547524448
cont__sphere_10d,cont,RS,4,500,500,22.290953781589913,22.290953781589913,22.290953781589913,0.0,False,0.49004430000059074,0.013860400060366374,9.794584000002942,500.0,0.47618389994022436,22.290953781589913,22.290953781589913,,,,,,,,,,,,,,,,,,0.9825553657859181,1.348128651397237
cont__sphere_10d,cont,RS,5,500,500,23.416032353163992,23.416032353163992,23.416032353163992,0.0,False,0.4494344999984605,0.009860400030447636,9.753307400002086,500.0,0.4395740999680129,23.416032353163992,23.416032353163992,,,,,,,,,,,,,,,,,,1.0321473212608723,1.3695133094766119
cont__sphere_10d,cont,RS,6,500,500,30.832638700115957,30.832638700115957,30.832638700115957,0.0,False,0.4351103000008152,0.009449800003494602,9.738923299999442,500.0,0.4256604999973206,30.832638700115957,30.832638700115957,,,,,,,,,,,,,,,,,,1.3590613884435006,1.489010693843012
cont__sphere_10d,cont,RS,7,500,500,27.59197714383527,27.59197714383527,27.59197714383527,0.0,False,0.41538060000311816,0.00930070014874218,9.719047399994452,500.0,0.406079899854376,27.59197714383527,27.59197714383527,,,,,,,,,,,,,,,,,,1.2162173705509371,1.4407828216061487
cont__sphere_10d,cont,RS,8,500,500,21.493404343179392,21.493404343179392,21.493404343179392,0.0,False,0.5146208000005572,0.01097750011831522,9.806233799994516,500.0,0.503643299882242,21.493404343179392,21.493404343179392,,,,,,,,,,,,,,,,,,0.9474004555085028,1.3323052089005942
cont__sphere_10d,cont,RS,9,500,500,18.80582207803054,18.80582207803054,18.80582207803054,0.0,False,0.5004964000036125,0.010746699997980613,9.754937199999404,500.0,0.4897497000056319,18.80582207803054,18.80582207803054,,,,,,,,,,,,,,,,,,0.8289354314683908,1.2742923229298724
cont__sphere_10d,cont,RS,10,500,500,23.082476679013215,23.082476679013215,23.082476679013215,0.0,False,0.43411010000272654,0.009893900045426562,0.43853220000164583,500.0,0.4242161999573,23.082476679013215,23.082476679013215,,,,,,,,,,,,,,,,,,1.0174446342140817,1.3632824054508745
cont__sphere_10d,cont,RS,11,500,500,21.63879822757695,21.63879822757695,21.63879822757695,0.0,False,0.4248985999947763,0.009315599942055997,0.4280514000056428,500.0,0.4155830000527203,21.63879822757695,21.63879822757695,,,,,,,,,,,,,,,,,,0.9538092230590983,1.3352331373206512
cont__sphere_10d,cont,RS,12,500,500,26.42018524571661,26.42018524571661,26.42018524571661,0.0,False,0.4040789999999106,0.009109300022828393,0.40818990000116173,500.0,0.3949696999770822,26.42018524571661,26.42018524571661,,,,,,,,,,,,,,,,,,1.1645663542524844,1.4219358583546216
cont__sphere_10d,cont,RS,13,500,500,15.081678824766461,15.081678824766461,15.081678824766461,0.0,False,0.48371669999323785,0.010530900006415322,0.4872853000051691,500.0,0.47318579998682253,15.081678824766461,15.081678824766461,,,,,,,,,,,,,,,,,,0.6647801883907187,1.1784496879363267
cont__sphere_10d,cont,RS,14,500,500,20.776185244858812,20.776185244858812,20.776185244858812,0.0,False,0.4976278000031016,0.010988400019414257,0.501117299994803,500.0,0.4866393999836873,20.776185244858812,20.776185244858812,,,,,,,,,,,,,,,,,,0.9157863989542677,1.3175658088999216
cont__sphere_10d,cont,RS,15,500,500,15.97424172080587,15.97424172080587,15.97424172080587,0.0,False,0.533708499999193,0.011692699939885642,0.5382446999938111,500.0,0.5220158000593074,15.97424172080587,15.97424172080587,,,,,,,,,,,,,,,,,,0.7041231645324236,1.2034202518517
cont__sphere_10d,cont,RS,16,500,500,26.779002249566627,26.779002249566627,26.779002249566627,0.0,False,0.4501669999954174,0.010025100149505306,0.45383330000186106,500.0,0.4401418998459121,26.779002249566627,26.779002249566627,,,,,,,,,,,,,,,,,,1.1803825268542705,1.427794391735758
cont__sphere_10d,cont,RS,17,500,500,21.66689415196761,21.66689415196761,21.66689415196761,0.0,False,0.45304789999499917,0.009954800087143667,0.45704900000419,500.0,0.4430930999078555,21.66689415196761,21.66689415196761,,,,,,,,,,,,,,,,,,0.9550476537488412,1.3357966616967027
cont__sphere_10d,cont,RS,18,500,500,25.75210478070335,25.75210478070335,25.75210478070335,0.0,False,0.5021367000008468,0.011070800042944029,0.5070162000047276,500.0,0.49106589995790273,25.75210478070335,25.75210478070335,,,,,,,,,,,,,,,,,,1.1351182627931737,1.410812730747654
cont__sphere_10d,cont,RS,19,500,500,15.29908386247305,15.29908386247305,15.29908386247305,0.0,False,0.5375924999971176,0.011722499933966901,0.5416716999970959,500.0,0.5258700000631507,15.29908386247305,15.29908386247305,,,,,,,,,,,,,,,,,,0.6743631110615252,1.1846654252369029
cont__sphere_10d,cont,TPE,0,500,500,0.2932301837297808,0.2932301837297808,0.2932301837297808,0.0,False,4.999373900005594,0.01989900007174583,5.005341000003682,500.0,4.979474899933848,0.2932301837297808,0.2932301837297808,,,,,,,,,,,,,,,,,,0.012925193477904955,-0.5327913275062572
cont__sphere_10d,cont,TPE,1,500,500,0.3645994812109581,0.3645994812109581,0.3645994812109581,0.0,False,5.580459199998586,0.01943689998006448,5.586111999997229,500.0,5.5610223000185215,0.3645994812109581,0.3645994812109581,,,,,,,,,,,,,,,,,,0.016071056453513373,-0.43818395363755425
cont__sphere_10d,cont,TPE,2,500,500,0.28725424007010353,0.28725424007010353,0.28725424007010353,0.0,False,4.926791799996863,0.019699200056493282,4.932917800004361,500.0,4.90709259994037,0.28725424007010353,0.28725424007010353,,,,,,,,,,,,,,,,,,0.012661781891035142,-0.5417335521056734
cont__sphere_10d,cont,TPE,3,500,500,0.41021477644469795,0.41021477644469795,0.41021477644469795,0.0,False,5.647016599999915,0.020055800014233682,5.652210400003241,500.0,5.626960799985682,0.41021477644469795,0.41021477644469795,,,,,,,,,,,,,,,,,,0.018081717528538183,-0.38698869985929735
cont__sphere_10d,cont,TPE,4,500,500,0.22761751531469968,0.22761751531469968,0.22761751531469968,0.0,False,4.948752700001933,0.02045530008035712,4.954717399996298,500.0,4.928297399921576,0.22761751531469968,0.22761751531469968,,,,,,,,,,,,,,,,,,0.010033074995832001,-0.6427943217485158
cont__sphere_10d,cont,TPE,5,500,500,0.2162438933157167,0.2162438933157167,0.2162438933157167,0.0,False,5.262858199996117,0.02040389999456238,5.269706799997948,500.0,5.242454300001555,0.2162438933157167,0.2162438933157167,,,,,,,,,,,,,,,,,,0.009531740982356495,-0.6650561480772508
cont__sphere_10d,cont,TPE,6,500,500,0.2243134025926588,0.2243134025926588,0.2243134025926588,0.0,False,4.996324599997024,0.020079099951544777,5.001782600003935,500.0,4.976245500045479,0.2243134025926588,0.2243134025926588,,,,,,,,,,,,,,,,,,0.009887434135597298,-0.6491447768023426
cont__sphere_10d,cont,TPE,7,500,500,0.40319738770536845,0.40319738770536845,0.40319738770536845,0.0,False,5.5464379000040935,0.019384999955946114,5.552227599997423,500.0,5.527052900048147,0.40319738770536845,0.40319738770536845,,,,,,,,,,,,,,,,,,0.01777240043842208,-0.39448229032340537
cont__sphere_10d,cont,TPE,8,500,500,0.247248358892045,0.247248358892045,0.247248358892045,0.0,False,4.825663499999791,0.019920400067348965,4.831126299999596,500.0,4.805743099932442,0.247248358892045,0.247248358892045,,,,,,,,,,,,,,,,,,0.010898376269201242,-0.6068665823437662
cont__sphere_10d,cont,TPE,9,500,500,0.19234078400370996,0.19234078400370996,0.19234078400370996,0.0,False,5.005882299999939,0.020139600099355448,5.011156599997776,500.0,4.985742699900584,0.19234078400370996,0.19234078400370996,,,,,,,,,,,,,,,,,,0.008478123961586538,-0.7159286180485454
cont__sphere_10d,cont,TPE,10,500,500,0.2528900290317159,0.2528900290317159,0.2528900290317159,0.0,False,4.811105900000257,0.02000209996913327,4.8174062999969465,500.0,4.791103800031124,0.2528900290317159,0.2528900290317159,,,,,,,,,,,,,,,,,,0.011147053527341091,-0.5970682937138713
cont__sphere_10d,cont,TPE,11,500,500,0.1954353863923877,0.1954353863923877,0.1954353863923877,0.0,False,4.874144699999306,0.019960699981311336,4.879832499995246,500.0,4.8541840000179945,0.1954353863923877,0.1954353863923877,,,,,,,,,,,,,,,,,,0.0086145298871365,-0.7089967982222132
cont__sphere_10d,cont,TPE,12,500,500,0.25390207567173106,0.25390207567173106,0.25390207567173106,0.0,False,4.864153000002261,0.020319699979154393,4.870485999999801,500.0,4.843833300023107,0.25390207567173106,0.25390207567173106,,,,,,,,,,,,,,,,,,0.011191663186771355,-0.5953337487145858
cont__sphere_10d,cont,TPE,13,500,500,0.27686741266410625,0.27686741266410625,0.27686741266410625,0.0,False,5.030616800002463,0.020759499973792117,5.0373589000009815,500.0,5.009857300028671,0.27686741266410625,0.27686741266410625,,,,,,,,,,,,,,,,,,0.012203944460602549,-0.5577281577703781
cont__sphere_10d,cont,TPE,14,500,500,0.2501270471185223,0.2501270471185223,0.2501270471185223,0.0,False,4.8656158999947365,0.01967500003229361,4.871298200007004,500.0,4.845940899962443,0.2501270471185223,0.2501270471185223,,,,,,,,,,,,,,,,,,0.011025264987874468,-0.6018393439366451
cont__sphere_10d,cont,TPE,15,500,500,0.35640043775070546,0.35640043775070546,0.35640043775070546,0.0,False,4.835258299994166,0.019717399947694503,4.841314099998272,500.0,4.8155409000464715,0.35640043775070546,0.35640043775070546,,,,,,,,,,,,,,,,,,0.01570965360708889,-0.44806177120914326
cont__sphere_10d,cont,TPE,16,500,500,0.3392312462292,0.3392312462292,0.3392312462292,0.0,False,5.024544500003685,0.020735500045702793,5.030133000000205,500.0,5.0038089999579825,0.3392312462292,0.3392312462292,,,,,,,,,,,,,,,,,,0.014952858656951137,-0.46950415216893593
cont__sphere_10d,cont,TPE,17,500,500,0.32066029535561347,0.32066029535561347,0.32066029535561347,0.0,False,5.6937959999995655,0.019389299901376944,5.6985449000058,500.0,5.674406700098189,0.32066029535561347,0.32066029535561347,,,,,,,,,,,,,,,,,,0.014134276033373168,-0.49395481174303835
cont__sphere_10d,cont,TPE,18,500,500,0.2823440639151834,0.2823440639151834,0.2823440639151834,0.0,False,5.603246700004092,0.019765900040511042,5.609570000000531,500.0,5.583480799963581,0.2823440639151834,0.2823440639151834,,,,,,,,,,,,,,,,,,0.012445347907310524,-0.5492213385647712
cont__sphere_10d,cont,TPE,19,500,500,0.28349764727120774,0.28349764727120774,0.28349764727120774,0.0,False,5.686150800000178,0.01994159999594558,5.690971600000921,500.0,5.666209200004232,0.28349764727120774,0.28349764727120774,,,,,,,,,,,,,,,,,,0.012496196315478648,-0.5474505409366387
