task,count,mean,std,min,10%,50%,90%,max
cat__ackley_10d,200.0,1.5643026696677027,0.26652856332928615,0.8162803124108663,1.1695739961085865,1.590928449397123,1.8975807763568993,2.0923005698690385
cont__rastrigin_10d,200.0,1.1314678183734603,0.12109212597269593,0.6762549714844439,0.9929661830661997,1.1304473042321987,1.2838671035468556,1.4102298624414162
cont__schwefel_10d,200.0,1.083253797664099,0.1390346714001634,0.6274731235867923,0.9179073329563403,1.077232824267115,1.2455607230179653,1.4193749232142916
lcbench_126026,200.0,-0.8637806930542049,0.4318723064630242,-2.0570251464843805,-1.4522839355468808,-0.8333877563476619,-0.3083155822753964,0.14444732666015056
lcbench_167181,200.0,-1.1883099594116269,1.1245856207504836,-7.864495086669928,-1.9649133300781307,-0.9002235412597713,-0.4496495056152401,-0.013039398193365059
lcbench_167185,200.0,-0.17339984893799396,0.15553642082471023,-1.0597694396972712,-0.3453630065918026,-0.16065673828125568,-0.003203125000005713,0.11307601928710369
lcbench_168329,200.0,-7.220581430435179,3.088972018546154,-13.596782302856445,-11.04794677734375,-7.678401947021483,-2.852247009277343,1.3898605346679702
lcbench_189908,200.0,-1.3004073562622014,0.6007369692288155,-2.9596580505371035,-2.0743208312988224,-1.2210594177246037,-0.56435928344726,-0.05162277221679119
lcbench_7593,200.0,-3.6725143280029267,1.9952659966500907,-9.58886795043945,-6.0914384460449185,-3.710428619384763,-1.0539952087402316,1.2839485168457059
